sku_code,formula_code,formula_version,line_no,group_code,group_sort_order,group_line_no,ingredient_code,ingredient_name_vi,quantity_per_batch_400,uom_code,ratio_percent,prep_note,usage_role,sort_order,source_section,source_document,line_checksum
A1/CS/DM/HS,FML-A1-G1,G1,1,SPECIAL_SKU_COMPONENT,10,1,HRB_SAM_SAVIGIN,Sâm Savigin,9.00,kg,4.62,Thành phần đặc thù SKU,Thành phần đặc thù SKU,10,Phần 1 — Thành phần đặc thù SKU,CÔNG THỨC 20 SKU MỚI.txt,f44067abaa0c9fa7
A1/CS/DM/HS,FML-A1-G1,G1,2,SPECIAL_SKU_COMPONENT,10,2,ING_DIEM_MACH,Diêm mạch,15.50,kg,7.95,Thành phần đặc thù SKU,Thành phần đặc thù SKU,20,Phần 1 — Thành phần đặc thù SKU,CÔNG THỨC 20 SKU MỚI.txt,4210ad84f3a50780
A1/CS/DM/HS,FML-A1-G1,G1,3,SPECIAL_SKU_COMPONENT,10,3,ING_HAT_SEN,Hạt sen,9.00,kg,4.62,Thành phần đặc thù SKU,Thành phần đặc thù SKU,30,Phần 1 — Thành phần đặc thù SKU,CÔNG THỨC 20 SKU MỚI.txt,c4bf33326248ecd3
A1/CS/DM/HS,FML-A1-G1,G1,4,SPECIAL_SKU_COMPONENT,10,4,ING_HOAI_SON,Hoài sơn,15.50,kg,7.95,Thành phần đặc thù SKU,Thành phần đặc thù SKU,40,Phần 1 — Thành phần đặc thù SKU,CÔNG THỨC 20 SKU MỚI.txt,71a43f9b1a40d0ea
A1/CS/DM/HS,FML-A1-G1,G1,5,SPECIAL_SKU_COMPONENT,10,5,ING_BACH_LINH,Bạch linh,5.00,kg,2.56,Thành phần đặc thù SKU,Thành phần đặc thù SKU,50,Phần 1 — Thành phần đặc thù SKU,CÔNG THỨC 20 SKU MỚI.txt,3656225a97f7219f
A1/CS/DM/HS,FML-A1-G1,G1,6,SPECIAL_SKU_COMPONENT,10,6,ING_KY_TU,Kỷ tử,3.00,kg,1.54,Thành phần đặc thù SKU,Thành phần đặc thù SKU,60,Phần 1 — Thành phần đặc thù SKU,CÔNG THỨC 20 SKU MỚI.txt,498b1d4057edcfbb
A1/CS/DM/HS,FML-A1-G1,G1,7,SPECIAL_SKU_COMPONENT,10,7,ING_GUNG_NUONG,Gừng nướng,0.70,kg,0.36,Thành phần đặc thù SKU,Thành phần đặc thù SKU,70,Phần 1 — Thành phần đặc thù SKU,CÔNG THỨC 20 SKU MỚI.txt,df9b456d2fe3a065
A1/CS/DM/HS,FML-A1-G1,G1,8,NUTRITION_BASE,20,1,ING_GAO,"Gạo (lúa – tôm, rửa sạch)",195.00,kg,100.00,Nền chính,Nền chính,80,Phần 2 — Nguyên liệu nền dinh dưỡng,CÔNG THỨC 20 SKU MỚI.txt,318bd94d180bfec8
A1/CS/DM/HS,FML-A1-G1,G1,9,NUTRITION_BASE,20,2,ING_CA_ROT_THAI_HAT_LUU,Cà rốt thái hạt lựu,35.00,kg,17.95,Nền dinh dưỡng,Nền dinh dưỡng,90,Phần 2 — Nguyên liệu nền dinh dưỡng,CÔNG THỨC 20 SKU MỚI.txt,c2f065aa55324d6b
A1/CS/DM/HS,FML-A1-G1,G1,10,NUTRITION_BASE,20,3,ING_BI_DO_THAI_HAT_LUU,Bí đỏ thái hạt lựu,33.00,kg,16.92,Nền dinh dưỡng,Nền dinh dưỡng,100,Phần 2 — Nguyên liệu nền dinh dưỡng,CÔNG THỨC 20 SKU MỚI.txt,0e8c94a26aaf65fc
A1/CS/DM/HS,FML-A1-G1,G1,11,NUTRITION_BASE,20,4,ING_DAU_XANH_KHONG_VO,Đậu xanh không vỏ,29.50,kg,15.13,Nền dinh dưỡng,Nền dinh dưỡng,110,Phần 2 — Nguyên liệu nền dinh dưỡng,CÔNG THỨC 20 SKU MỚI.txt,b28978e36597fae8
A1/CS/DM/HS,FML-A1-G1,G1,12,NUTRITION_BASE,20,5,ING_NAM_KIM_CHAM_CAT_KHUC_20_30_MM,Nấm kim châm cắt khúc 20–30 mm,18.50,kg,9.49,Nền dinh dưỡng,Nền dinh dưỡng,120,Phần 2 — Nguyên liệu nền dinh dưỡng,CÔNG THỨC 20 SKU MỚI.txt,8dec0d25591223c0
A1/CS/DM/HS,FML-A1-G1,G1,13,BROTH_EXTRACT,30,1,ING_TAO_TAU,Táo tàu,4.40,kg,2.26,Chiết dịch nước hầm,Chiết dịch nước hầm,130,Phần 3 — Rau củ chiết dịch tạo nước hầm (dùng chung),CÔNG THỨC 20 SKU MỚI.txt,a49b4e2bae9af0bb
A1/CS/DM/HS,FML-A1-G1,G1,14,BROTH_EXTRACT,30,2,ING_CU_CAI_TRANG_THAI_KHUC,Củ cải trắng thái khúc,49.20,kg,25.23,Chiết dịch nước hầm,Chiết dịch nước hầm,140,Phần 3 — Rau củ chiết dịch tạo nước hầm (dùng chung),CÔNG THỨC 20 SKU MỚI.txt,1ef11ecffea65bfa
A1/CS/DM/HS,FML-A1-G1,G1,15,BROTH_EXTRACT,30,3,ING_RONG_BIEN_KOMBU_WAKAME,Rong biển kombu / wakame,7.00,kg,3.59,Chiết dịch nước hầm,Chiết dịch nước hầm,150,Phần 3 — Rau củ chiết dịch tạo nước hầm (dùng chung),CÔNG THỨC 20 SKU MỚI.txt,1753832b4fb679a6
A1/CS/DM/HS,FML-A1-G1,G1,16,BROTH_EXTRACT,30,4,ING_HANH_TAY_CHE_4,Hành tây chẻ 4,21.30,kg,10.92,Chiết dịch nước hầm,Chiết dịch nước hầm,160,Phần 3 — Rau củ chiết dịch tạo nước hầm (dùng chung),CÔNG THỨC 20 SKU MỚI.txt,9c2b215cf1f41a05
A1/CS/DM/HS,FML-A1-G1,G1,17,BROTH_EXTRACT,30,5,ING_NUOC_DUA_NGUYEN_CHAT,Nước dừa nguyên chất,55.00,lít,28.21,Nền dịch hầm,Nền dịch hầm,170,Phần 3 — Rau củ chiết dịch tạo nước hầm (dùng chung),CÔNG THỨC 20 SKU MỚI.txt,4cda107b85bae715
A1/CS/DM/HS,FML-A1-G1,G1,18,SEASONING_FLAVOR,40,1,ING_MUOI_BIEN_RANG,Muối biển rang,12.84,kg,6.58,Nêm vị,Nêm vị,180,Phần 4 — Nguyên liệu nêm & tạo hương vị (dùng chung),CÔNG THỨC 20 SKU MỚI.txt,2bbff72eaca3306c
A1/CS/DM/HS,FML-A1-G1,G1,19,SEASONING_FLAVOR,40,2,ING_TIEU_DEN_RANG,Tiêu đen rang,1.32,kg,0.68,Tạo hương vị,Tạo hương vị,190,Phần 4 — Nguyên liệu nêm & tạo hương vị (dùng chung),CÔNG THỨC 20 SKU MỚI.txt,0cfdfcf8e83ca244
A1/CS/DM/HS,FML-A1-G1,G1,20,SEASONING_FLAVOR,40,3,ING_TOI_NUONG,Tỏi nướng,0.72,kg,0.37,Tạo hương vị,Tạo hương vị,200,Phần 4 — Nguyên liệu nêm & tạo hương vị (dùng chung),CÔNG THỨC 20 SKU MỚI.txt,877a9a974ffe6e20
A1/CS/DM/HS,FML-A1-G1,G1,21,SEASONING_FLAVOR,40,4,ING_HANH_LA_THAI_KHUC,Hành lá thái khúc,2.19,kg,1.12,Tạo hương vị,Tạo hương vị,210,Phần 4 — Nguyên liệu nêm & tạo hương vị (dùng chung),CÔNG THỨC 20 SKU MỚI.txt,05a19275a39098e7
A1/CS/DM/HS,FML-A1-G1,G1,22,SEASONING_FLAVOR,40,5,ING_RE_CAN_TAY_THAI_NHUYEN,Rễ cần tây thái nhuyễn,1.25,kg,0.64,Tạo hương vị,Tạo hương vị,220,Phần 4 — Nguyên liệu nêm & tạo hương vị (dùng chung),CÔNG THỨC 20 SKU MỚI.txt,1c8c1ed5bc0ef0a8
A1/CS/DM/HS,FML-A1-G1,G1,23,SEASONING_FLAVOR,40,6,ING_MI_CHINH,Mì chính,1.90,kg,0.97,Tạo vị umami,Tạo vị umami,230,Phần 4 — Nguyên liệu nêm & tạo hương vị (dùng chung),CÔNG THỨC 20 SKU MỚI.txt,18145297d354ade5
A2/CS/BASA,FML-A2-G1,G1,1,SPECIAL_SKU_COMPONENT,10,1,HRB_SAM_SAVIGIN,Sâm Savigin,9.00,kg,4.62,Thành phần đặc thù SKU,Thành phần đặc thù SKU,10,Phần 1 — Thành phần đặc thù SKU,CÔNG THỨC 20 SKU MỚI.txt,710e0f656b45b137
A2/CS/BASA,FML-A2-G1,G1,2,SPECIAL_SKU_COMPONENT,10,2,ING_CA_BASA,Cá Basa,22.00,kg,11.28,Thành phần đặc thù SKU,Thành phần đặc thù SKU,20,Phần 1 — Thành phần đặc thù SKU,CÔNG THỨC 20 SKU MỚI.txt,e4181158c3a063e6
A2/CS/BASA,FML-A2-G1,G1,3,SPECIAL_SKU_COMPONENT,10,3,ING_HOAI_SON,Hoài sơn,15.50,kg,7.95,Thành phần đặc thù SKU,Thành phần đặc thù SKU,30,Phần 1 — Thành phần đặc thù SKU,CÔNG THỨC 20 SKU MỚI.txt,68baa17d1c70a16e
A2/CS/BASA,FML-A2-G1,G1,4,SPECIAL_SKU_COMPONENT,10,4,ING_BACH_LINH,Bạch linh,9.00,kg,4.62,Thành phần đặc thù SKU,Thành phần đặc thù SKU,40,Phần 1 — Thành phần đặc thù SKU,CÔNG THỨC 20 SKU MỚI.txt,66ae5021f5e01839
A2/CS/BASA,FML-A2-G1,G1,5,SPECIAL_SKU_COMPONENT,10,5,ING_KY_TU,Kỷ tử,3.00,kg,1.54,Thành phần đặc thù SKU,Thành phần đặc thù SKU,50,Phần 1 — Thành phần đặc thù SKU,CÔNG THỨC 20 SKU MỚI.txt,5aea22c08fcaba02
A2/CS/BASA,FML-A2-G1,G1,6,SPECIAL_SKU_COMPONENT,10,6,ING_GUNG_NUONG,Gừng nướng,0.40,kg,0.21,Thành phần đặc thù SKU,Thành phần đặc thù SKU,60,Phần 1 — Thành phần đặc thù SKU,CÔNG THỨC 20 SKU MỚI.txt,d75320a582358fb0
A2/CS/BASA,FML-A2-G1,G1,7,SPECIAL_SKU_COMPONENT,10,7,ING_TRAN_BI,Trần bì,0.40,kg,0.21,Thành phần đặc thù SKU,Thành phần đặc thù SKU,70,Phần 1 — Thành phần đặc thù SKU,CÔNG THỨC 20 SKU MỚI.txt,1d5a8dee8b40b706
A2/CS/BASA,FML-A2-G1,G1,8,NUTRITION_BASE,20,1,ING_GAO,"Gạo (lúa – tôm, rửa sạch)",195.00,kg,100.00,Nền chính,Nền chính,80,Phần 2 — Nguyên liệu nền dinh dưỡng,CÔNG THỨC 20 SKU MỚI.txt,57c9b10e06c16a00
A2/CS/BASA,FML-A2-G1,G1,9,NUTRITION_BASE,20,2,ING_CA_ROT_THAI_HAT_LUU,Cà rốt thái hạt lựu,35.00,kg,17.95,Nền dinh dưỡng,Nền dinh dưỡng,90,Phần 2 — Nguyên liệu nền dinh dưỡng,CÔNG THỨC 20 SKU MỚI.txt,787d8b0893464672
A2/CS/BASA,FML-A2-G1,G1,10,NUTRITION_BASE,20,3,ING_BI_DO_THAI_HAT_LUU,Bí đỏ thái hạt lựu,33.00,kg,16.92,Nền dinh dưỡng,Nền dinh dưỡng,100,Phần 2 — Nguyên liệu nền dinh dưỡng,CÔNG THỨC 20 SKU MỚI.txt,04f2e24154346154
A2/CS/BASA,FML-A2-G1,G1,11,NUTRITION_BASE,20,4,ING_DAU_XANH_KHONG_VO,Đậu xanh không vỏ,29.50,kg,15.13,Nền dinh dưỡng,Nền dinh dưỡng,110,Phần 2 — Nguyên liệu nền dinh dưỡng,CÔNG THỨC 20 SKU MỚI.txt,7499446e31421fd4
A2/CS/BASA,FML-A2-G1,G1,12,NUTRITION_BASE,20,5,ING_NAM_KIM_CHAM_CAT_KHUC_20_30_MM,Nấm kim châm cắt khúc 20–30 mm,18.50,kg,9.49,Nền dinh dưỡng,Nền dinh dưỡng,120,Phần 2 — Nguyên liệu nền dinh dưỡng,CÔNG THỨC 20 SKU MỚI.txt,a94b6f4ff9c65e45
A2/CS/BASA,FML-A2-G1,G1,13,BROTH_EXTRACT,30,1,ING_TAO_TAU,Táo tàu,4.40,kg,2.26,Chiết dịch nước hầm,Chiết dịch nước hầm,130,Phần 3 — Rau củ chiết dịch tạo nước hầm (dùng chung),CÔNG THỨC 20 SKU MỚI.txt,8f164d04a5f2bd9c
A2/CS/BASA,FML-A2-G1,G1,14,BROTH_EXTRACT,30,2,ING_CU_CAI_TRANG_THAI_KHUC,Củ cải trắng thái khúc,49.20,kg,25.23,Chiết dịch nước hầm,Chiết dịch nước hầm,140,Phần 3 — Rau củ chiết dịch tạo nước hầm (dùng chung),CÔNG THỨC 20 SKU MỚI.txt,67b5c2c28b3140d4
A2/CS/BASA,FML-A2-G1,G1,15,BROTH_EXTRACT,30,3,ING_RONG_BIEN_KOMBU_WAKAME,Rong biển kombu / wakame,7.00,kg,3.59,Chiết dịch nước hầm,Chiết dịch nước hầm,150,Phần 3 — Rau củ chiết dịch tạo nước hầm (dùng chung),CÔNG THỨC 20 SKU MỚI.txt,ee485c5e112869f2
A2/CS/BASA,FML-A2-G1,G1,16,BROTH_EXTRACT,30,4,ING_HANH_TAY_CHE_4,Hành tây chẻ 4,21.30,kg,10.92,Chiết dịch nước hầm,Chiết dịch nước hầm,160,Phần 3 — Rau củ chiết dịch tạo nước hầm (dùng chung),CÔNG THỨC 20 SKU MỚI.txt,c5eebefc5edd7622
A2/CS/BASA,FML-A2-G1,G1,17,BROTH_EXTRACT,30,5,ING_NUOC_DUA_NGUYEN_CHAT,Nước dừa nguyên chất,55.00,lít,28.21,Nền dịch hầm,Nền dịch hầm,170,Phần 3 — Rau củ chiết dịch tạo nước hầm (dùng chung),CÔNG THỨC 20 SKU MỚI.txt,5eab1dddb9ac6fc2
A2/CS/BASA,FML-A2-G1,G1,18,SEASONING_FLAVOR,40,1,ING_MUOI_BIEN_RANG,Muối biển rang,12.84,kg,6.58,Nêm vị,Nêm vị,180,Phần 4 — Nguyên liệu nêm & tạo hương vị (dùng chung),CÔNG THỨC 20 SKU MỚI.txt,332313b9bc556de0
A2/CS/BASA,FML-A2-G1,G1,19,SEASONING_FLAVOR,40,2,ING_TIEU_DEN_RANG,Tiêu đen rang,1.32,kg,0.68,Tạo hương vị,Tạo hương vị,190,Phần 4 — Nguyên liệu nêm & tạo hương vị (dùng chung),CÔNG THỨC 20 SKU MỚI.txt,d649026a65c0514f
A2/CS/BASA,FML-A2-G1,G1,20,SEASONING_FLAVOR,40,3,ING_TOI_NUONG,Tỏi nướng,0.72,kg,0.37,Tạo hương vị,Tạo hương vị,200,Phần 4 — Nguyên liệu nêm & tạo hương vị (dùng chung),CÔNG THỨC 20 SKU MỚI.txt,156cb29e0bfae8dd
A2/CS/BASA,FML-A2-G1,G1,21,SEASONING_FLAVOR,40,4,ING_HANH_LA_THAI_KHUC,Hành lá thái khúc,2.19,kg,1.12,Tạo hương vị,Tạo hương vị,210,Phần 4 — Nguyên liệu nêm & tạo hương vị (dùng chung),CÔNG THỨC 20 SKU MỚI.txt,6fe846f32efbc5b6
A2/CS/BASA,FML-A2-G1,G1,22,SEASONING_FLAVOR,40,5,ING_RE_CAN_TAY_THAI_NHUYEN,Rễ cần tây thái nhuyễn,1.25,kg,0.64,Tạo hương vị,Tạo hương vị,220,Phần 4 — Nguyên liệu nêm & tạo hương vị (dùng chung),CÔNG THỨC 20 SKU MỚI.txt,d831dfb210a6b83d
A2/CS/BASA,FML-A2-G1,G1,23,SEASONING_FLAVOR,40,6,ING_MI_CHINH,Mì chính,1.90,kg,0.97,Tạo vị umami,Tạo vị umami,230,Phần 4 — Nguyên liệu nêm & tạo hương vị (dùng chung),CÔNG THỨC 20 SKU MỚI.txt,af2828b46c4e3e43
A3/CS/CAHOI,FML-A3-G1,G1,1,SPECIAL_SKU_COMPONENT,10,1,HRB_SAM_SAVIGIN,Sâm Savigin,9.00,kg,4.62,Thành phần đặc thù SKU,Thành phần đặc thù SKU,10,Phần 1 — Thành phần đặc thù SKU,CÔNG THỨC 20 SKU MỚI.txt,8b91a6cd2e632014
A3/CS/CAHOI,FML-A3-G1,G1,2,SPECIAL_SKU_COMPONENT,10,2,ING_CA_HOI,Cá hồi,15.50,kg,7.95,Thành phần đặc thù SKU,Thành phần đặc thù SKU,20,Phần 1 — Thành phần đặc thù SKU,CÔNG THỨC 20 SKU MỚI.txt,f98119440307690c
A3/CS/CAHOI,FML-A3-G1,G1,3,SPECIAL_SKU_COMPONENT,10,3,ING_HOAI_SON,Hoài sơn,15.50,kg,7.95,Thành phần đặc thù SKU,Thành phần đặc thù SKU,30,Phần 1 — Thành phần đặc thù SKU,CÔNG THỨC 20 SKU MỚI.txt,a7273fc0355acc2c
A3/CS/CAHOI,FML-A3-G1,G1,4,SPECIAL_SKU_COMPONENT,10,4,ING_KY_TU,Kỷ tử,3.00,kg,1.54,Thành phần đặc thù SKU,Thành phần đặc thù SKU,40,Phần 1 — Thành phần đặc thù SKU,CÔNG THỨC 20 SKU MỚI.txt,801381ba4c184243
A3/CS/CAHOI,FML-A3-G1,G1,5,SPECIAL_SKU_COMPONENT,10,5,ING_GUNG_NUONG,Gừng nướng,0.80,kg,0.41,Thành phần đặc thù SKU,Thành phần đặc thù SKU,50,Phần 1 — Thành phần đặc thù SKU,CÔNG THỨC 20 SKU MỚI.txt,6684a52e88646c14
A3/CS/CAHOI,FML-A3-G1,G1,6,NUTRITION_BASE,20,1,ING_GAO,"Gạo (lúa – tôm, rửa sạch)",195.00,kg,100.00,Nền chính,Nền chính,60,Phần 2 — Nguyên liệu nền dinh dưỡng,CÔNG THỨC 20 SKU MỚI.txt,73f156a5bbdd11f1
A3/CS/CAHOI,FML-A3-G1,G1,7,NUTRITION_BASE,20,2,ING_CA_ROT_THAI_HAT_LUU,Cà rốt thái hạt lựu,35.00,kg,17.95,Nền dinh dưỡng,Nền dinh dưỡng,70,Phần 2 — Nguyên liệu nền dinh dưỡng,CÔNG THỨC 20 SKU MỚI.txt,c688e3e0fa23f061
A3/CS/CAHOI,FML-A3-G1,G1,8,NUTRITION_BASE,20,3,ING_BI_DO_THAI_HAT_LUU,Bí đỏ thái hạt lựu,33.00,kg,16.92,Nền dinh dưỡng,Nền dinh dưỡng,80,Phần 2 — Nguyên liệu nền dinh dưỡng,CÔNG THỨC 20 SKU MỚI.txt,196a39d0d9202f3e
A3/CS/CAHOI,FML-A3-G1,G1,9,NUTRITION_BASE,20,4,ING_DAU_XANH_KHONG_VO,Đậu xanh không vỏ,29.50,kg,15.13,Nền dinh dưỡng,Nền dinh dưỡng,90,Phần 2 — Nguyên liệu nền dinh dưỡng,CÔNG THỨC 20 SKU MỚI.txt,f86a21c29271d7af
A3/CS/CAHOI,FML-A3-G1,G1,10,NUTRITION_BASE,20,5,ING_NAM_KIM_CHAM_CAT_KHUC_20_30_MM,Nấm kim châm cắt khúc 20–30 mm,18.50,kg,9.49,Nền dinh dưỡng,Nền dinh dưỡng,100,Phần 2 — Nguyên liệu nền dinh dưỡng,CÔNG THỨC 20 SKU MỚI.txt,164c33a2ef52fcfa
A3/CS/CAHOI,FML-A3-G1,G1,11,BROTH_EXTRACT,30,1,ING_TAO_TAU,Táo tàu,4.40,kg,2.26,Chiết dịch nước hầm,Chiết dịch nước hầm,110,Phần 3 — Rau củ chiết dịch tạo nước hầm (dùng chung),CÔNG THỨC 20 SKU MỚI.txt,59d1d2f2d434bbe6
A3/CS/CAHOI,FML-A3-G1,G1,12,BROTH_EXTRACT,30,2,ING_CU_CAI_TRANG_THAI_KHUC,Củ cải trắng thái khúc,49.20,kg,25.23,Chiết dịch nước hầm,Chiết dịch nước hầm,120,Phần 3 — Rau củ chiết dịch tạo nước hầm (dùng chung),CÔNG THỨC 20 SKU MỚI.txt,7602ad43559b512f
A3/CS/CAHOI,FML-A3-G1,G1,13,BROTH_EXTRACT,30,3,ING_RONG_BIEN_KOMBU_WAKAME,Rong biển kombu / wakame,7.00,kg,3.59,Chiết dịch nước hầm,Chiết dịch nước hầm,130,Phần 3 — Rau củ chiết dịch tạo nước hầm (dùng chung),CÔNG THỨC 20 SKU MỚI.txt,ae12e82a2ddc2821
A3/CS/CAHOI,FML-A3-G1,G1,14,BROTH_EXTRACT,30,4,ING_HANH_TAY_CHE_4,Hành tây chẻ 4,21.30,kg,10.92,Chiết dịch nước hầm,Chiết dịch nước hầm,140,Phần 3 — Rau củ chiết dịch tạo nước hầm (dùng chung),CÔNG THỨC 20 SKU MỚI.txt,36023ad50e96ee75
A3/CS/CAHOI,FML-A3-G1,G1,15,BROTH_EXTRACT,30,5,ING_NUOC_DUA_NGUYEN_CHAT,Nước dừa nguyên chất,55.00,lít,28.21,Nền dịch hầm,Nền dịch hầm,150,Phần 3 — Rau củ chiết dịch tạo nước hầm (dùng chung),CÔNG THỨC 20 SKU MỚI.txt,ea67b77a5d5861d2
A3/CS/CAHOI,FML-A3-G1,G1,16,SEASONING_FLAVOR,40,1,ING_MUOI_BIEN_RANG,Muối biển rang,12.84,kg,6.58,Nêm vị,Nêm vị,160,Phần 4 — Nguyên liệu nêm & tạo hương vị (dùng chung),CÔNG THỨC 20 SKU MỚI.txt,dfe00ac9431db240
A3/CS/CAHOI,FML-A3-G1,G1,17,SEASONING_FLAVOR,40,2,ING_TIEU_DEN_RANG,Tiêu đen rang,1.32,kg,0.68,Tạo hương vị,Tạo hương vị,170,Phần 4 — Nguyên liệu nêm & tạo hương vị (dùng chung),CÔNG THỨC 20 SKU MỚI.txt,e01e73817e29a367
A3/CS/CAHOI,FML-A3-G1,G1,18,SEASONING_FLAVOR,40,3,ING_TOI_NUONG,Tỏi nướng,0.72,kg,0.37,Tạo hương vị,Tạo hương vị,180,Phần 4 — Nguyên liệu nêm & tạo hương vị (dùng chung),CÔNG THỨC 20 SKU MỚI.txt,6310a2e4eaf85fec
A3/CS/CAHOI,FML-A3-G1,G1,19,SEASONING_FLAVOR,40,4,ING_HANH_LA_THAI_KHUC,Hành lá thái khúc,2.19,kg,1.12,Tạo hương vị,Tạo hương vị,190,Phần 4 — Nguyên liệu nêm & tạo hương vị (dùng chung),CÔNG THỨC 20 SKU MỚI.txt,d3a9bb741708b4f5
A3/CS/CAHOI,FML-A3-G1,G1,20,SEASONING_FLAVOR,40,5,ING_RE_CAN_TAY_THAI_NHUYEN,Rễ cần tây thái nhuyễn,1.25,kg,0.64,Tạo hương vị,Tạo hương vị,200,Phần 4 — Nguyên liệu nêm & tạo hương vị (dùng chung),CÔNG THỨC 20 SKU MỚI.txt,a13e1d5bc93386df
A3/CS/CAHOI,FML-A3-G1,G1,21,SEASONING_FLAVOR,40,6,ING_MI_CHINH,Mì chính,1.90,kg,0.97,Tạo vị umami,Tạo vị umami,210,Phần 4 — Nguyên liệu nêm & tạo hương vị (dùng chung),CÔNG THỨC 20 SKU MỚI.txt,76853c697ef7d5cd
A4/CS/LUON,FML-A4-G1,G1,1,SPECIAL_SKU_COMPONENT,10,1,HRB_SAM_SAVIGIN,Sâm Savigin,9.00,kg,4.62,Thành phần đặc thù SKU,Thành phần đặc thù SKU,10,Phần 1 — Thành phần đặc thù SKU,CÔNG THỨC 20 SKU MỚI.txt,700fc4c4ea6b5090
A4/CS/LUON,FML-A4-G1,G1,2,SPECIAL_SKU_COMPONENT,10,2,ING_LUON_DONG,Lươn đồng,15.50,kg,7.95,Thành phần đặc thù SKU,Thành phần đặc thù SKU,20,Phần 1 — Thành phần đặc thù SKU,CÔNG THỨC 20 SKU MỚI.txt,2c34cfdd37eab0a7
A4/CS/LUON,FML-A4-G1,G1,3,SPECIAL_SKU_COMPONENT,10,3,ING_HOAI_SON,Hoài sơn,15.50,kg,7.95,Thành phần đặc thù SKU,Thành phần đặc thù SKU,30,Phần 1 — Thành phần đặc thù SKU,CÔNG THỨC 20 SKU MỚI.txt,675a5acac7eadd2e
A4/CS/LUON,FML-A4-G1,G1,4,SPECIAL_SKU_COMPONENT,10,4,ING_KY_TU,Kỷ tử,3.00,kg,1.54,Thành phần đặc thù SKU,Thành phần đặc thù SKU,40,Phần 1 — Thành phần đặc thù SKU,CÔNG THỨC 20 SKU MỚI.txt,e9840efd335f0ecb
A4/CS/LUON,FML-A4-G1,G1,5,SPECIAL_SKU_COMPONENT,10,5,ING_GUNG_NUONG,Gừng nướng,0.80,kg,0.41,Thành phần đặc thù SKU,Thành phần đặc thù SKU,50,Phần 1 — Thành phần đặc thù SKU,CÔNG THỨC 20 SKU MỚI.txt,55a5d23bd67eaa06
A4/CS/LUON,FML-A4-G1,G1,6,NUTRITION_BASE,20,1,ING_GAO,"Gạo (lúa – tôm, rửa sạch)",195.00,kg,100.00,Nền chính,Nền chính,60,Phần 2 — Nguyên liệu nền dinh dưỡng,CÔNG THỨC 20 SKU MỚI.txt,bb191961e6212ea3
A4/CS/LUON,FML-A4-G1,G1,7,NUTRITION_BASE,20,2,ING_CA_ROT_THAI_HAT_LUU,Cà rốt thái hạt lựu,35.00,kg,17.95,Nền dinh dưỡng,Nền dinh dưỡng,70,Phần 2 — Nguyên liệu nền dinh dưỡng,CÔNG THỨC 20 SKU MỚI.txt,e708d0d503242adc
A4/CS/LUON,FML-A4-G1,G1,8,NUTRITION_BASE,20,3,ING_BI_DO_THAI_HAT_LUU,Bí đỏ thái hạt lựu,33.00,kg,16.92,Nền dinh dưỡng,Nền dinh dưỡng,80,Phần 2 — Nguyên liệu nền dinh dưỡng,CÔNG THỨC 20 SKU MỚI.txt,7a2471809c95f80e
A4/CS/LUON,FML-A4-G1,G1,9,NUTRITION_BASE,20,4,ING_DAU_XANH_KHONG_VO,Đậu xanh không vỏ,29.50,kg,15.13,Nền dinh dưỡng,Nền dinh dưỡng,90,Phần 2 — Nguyên liệu nền dinh dưỡng,CÔNG THỨC 20 SKU MỚI.txt,adc9c0132c14303a
A4/CS/LUON,FML-A4-G1,G1,10,NUTRITION_BASE,20,5,ING_NAM_KIM_CHAM_CAT_KHUC_20_30_MM,Nấm kim châm cắt khúc 20–30 mm,18.50,kg,9.49,Nền dinh dưỡng,Nền dinh dưỡng,100,Phần 2 — Nguyên liệu nền dinh dưỡng,CÔNG THỨC 20 SKU MỚI.txt,ebdb3951c3a494b0
A4/CS/LUON,FML-A4-G1,G1,11,BROTH_EXTRACT,30,1,ING_TAO_TAU,Táo tàu,4.40,kg,2.26,Chiết dịch nước hầm,Chiết dịch nước hầm,110,Phần 3 — Rau củ chiết dịch tạo nước hầm (dùng chung),CÔNG THỨC 20 SKU MỚI.txt,549c2b7917c6af9e
A4/CS/LUON,FML-A4-G1,G1,12,BROTH_EXTRACT,30,2,ING_CU_CAI_TRANG_THAI_KHUC,Củ cải trắng thái khúc,49.20,kg,25.23,Chiết dịch nước hầm,Chiết dịch nước hầm,120,Phần 3 — Rau củ chiết dịch tạo nước hầm (dùng chung),CÔNG THỨC 20 SKU MỚI.txt,e77dcc218a73f5f5
A4/CS/LUON,FML-A4-G1,G1,13,BROTH_EXTRACT,30,3,ING_RONG_BIEN_KOMBU_WAKAME,Rong biển kombu / wakame,7.00,kg,3.59,Chiết dịch nước hầm,Chiết dịch nước hầm,130,Phần 3 — Rau củ chiết dịch tạo nước hầm (dùng chung),CÔNG THỨC 20 SKU MỚI.txt,36debe1dcdeed6f6
A4/CS/LUON,FML-A4-G1,G1,14,BROTH_EXTRACT,30,4,ING_HANH_TAY_CHE_4,Hành tây chẻ 4,21.30,kg,10.92,Chiết dịch nước hầm,Chiết dịch nước hầm,140,Phần 3 — Rau củ chiết dịch tạo nước hầm (dùng chung),CÔNG THỨC 20 SKU MỚI.txt,d18001cdd197344b
A4/CS/LUON,FML-A4-G1,G1,15,BROTH_EXTRACT,30,5,ING_NUOC_DUA_NGUYEN_CHAT,Nước dừa nguyên chất,55.00,lít,28.21,Nền dịch hầm,Nền dịch hầm,150,Phần 3 — Rau củ chiết dịch tạo nước hầm (dùng chung),CÔNG THỨC 20 SKU MỚI.txt,fec85776921ee076
A4/CS/LUON,FML-A4-G1,G1,16,SEASONING_FLAVOR,40,1,ING_MUOI_BIEN_RANG,Muối biển rang,12.84,kg,6.58,Nêm vị,Nêm vị,160,Phần 4 — Nguyên liệu nêm & tạo hương vị (dùng chung),CÔNG THỨC 20 SKU MỚI.txt,27a6288643c7b0bc
A4/CS/LUON,FML-A4-G1,G1,17,SEASONING_FLAVOR,40,2,ING_TIEU_DEN_RANG,Tiêu đen rang,1.32,kg,0.68,Tạo hương vị,Tạo hương vị,170,Phần 4 — Nguyên liệu nêm & tạo hương vị (dùng chung),CÔNG THỨC 20 SKU MỚI.txt,bae94bcdf59da91b
A4/CS/LUON,FML-A4-G1,G1,18,SEASONING_FLAVOR,40,3,ING_TOI_NUONG,Tỏi nướng,0.72,kg,0.37,Tạo hương vị,Tạo hương vị,180,Phần 4 — Nguyên liệu nêm & tạo hương vị (dùng chung),CÔNG THỨC 20 SKU MỚI.txt,93334b8f581bec1e
A4/CS/LUON,FML-A4-G1,G1,19,SEASONING_FLAVOR,40,4,ING_HANH_LA_THAI_KHUC,Hành lá thái khúc,2.19,kg,1.12,Tạo hương vị,Tạo hương vị,190,Phần 4 — Nguyên liệu nêm & tạo hương vị (dùng chung),CÔNG THỨC 20 SKU MỚI.txt,e5e6b631ced3e362
A4/CS/LUON,FML-A4-G1,G1,20,SEASONING_FLAVOR,40,5,ING_RE_CAN_TAY_THAI_NHUYEN,Rễ cần tây thái nhuyễn,1.25,kg,0.64,Tạo hương vị,Tạo hương vị,200,Phần 4 — Nguyên liệu nêm & tạo hương vị (dùng chung),CÔNG THỨC 20 SKU MỚI.txt,b1712818e323d00b
A4/CS/LUON,FML-A4-G1,G1,21,SEASONING_FLAVOR,40,6,ING_MI_CHINH,Mì chính,1.90,kg,0.97,Tạo vị umami,Tạo vị umami,210,Phần 4 — Nguyên liệu nêm & tạo hương vị (dùng chung),CÔNG THỨC 20 SKU MỚI.txt,451d476779162a9a
A5/CS/CUU,FML-A5-G1,G1,1,SPECIAL_SKU_COMPONENT,10,1,HRB_SAM_SAVIGIN,Sâm Savigin,9.00,kg,4.62,Thành phần đặc thù SKU,Thành phần đặc thù SKU,10,Phần 1 — Thành phần đặc thù SKU,CÔNG THỨC 20 SKU MỚI.txt,06ad3f89aa2bc1b1
A5/CS/CUU,FML-A5-G1,G1,2,SPECIAL_SKU_COMPONENT,10,2,ING_THIT_CUU,Thịt cừu,15.50,kg,7.95,Thành phần đặc thù SKU,Thành phần đặc thù SKU,20,Phần 1 — Thành phần đặc thù SKU,CÔNG THỨC 20 SKU MỚI.txt,0eaa95d377452d19
A5/CS/CUU,FML-A5-G1,G1,3,SPECIAL_SKU_COMPONENT,10,3,ING_TAO_TAU,Táo tàu,6.00,kg,3.08,Thành phần đặc thù SKU,Thành phần đặc thù SKU,30,Phần 1 — Thành phần đặc thù SKU,CÔNG THỨC 20 SKU MỚI.txt,035532bb68692589
A5/CS/CUU,FML-A5-G1,G1,4,SPECIAL_SKU_COMPONENT,10,4,ING_HOAI_SON,Hoài sơn,15.50,kg,7.95,Thành phần đặc thù SKU,Thành phần đặc thù SKU,40,Phần 1 — Thành phần đặc thù SKU,CÔNG THỨC 20 SKU MỚI.txt,5e8d973e9ae30b5d
A5/CS/CUU,FML-A5-G1,G1,5,SPECIAL_SKU_COMPONENT,10,5,ING_KY_TU,Kỷ tử,3.00,kg,1.54,Thành phần đặc thù SKU,Thành phần đặc thù SKU,50,Phần 1 — Thành phần đặc thù SKU,CÔNG THỨC 20 SKU MỚI.txt,e6de88ac6acb76c2
A5/CS/CUU,FML-A5-G1,G1,6,SPECIAL_SKU_COMPONENT,10,6,ING_GUNG_NUONG,Gừng nướng,0.80,kg,0.41,Thành phần đặc thù SKU,Thành phần đặc thù SKU,60,Phần 1 — Thành phần đặc thù SKU,CÔNG THỨC 20 SKU MỚI.txt,00d25735eae82c20
A5/CS/CUU,FML-A5-G1,G1,7,SPECIAL_SKU_COMPONENT,10,7,ING_QUE_CHI,Quế chi,0.25,kg,0.13,Thành phần đặc thù SKU,Thành phần đặc thù SKU,70,Phần 1 — Thành phần đặc thù SKU,CÔNG THỨC 20 SKU MỚI.txt,03c49da273b79faf
A5/CS/CUU,FML-A5-G1,G1,8,NUTRITION_BASE,20,1,ING_GAO,"Gạo (lúa – tôm, rửa sạch)",195.00,kg,100.00,Nền chính,Nền chính,80,Phần 2 — Nguyên liệu nền dinh dưỡng,CÔNG THỨC 20 SKU MỚI.txt,ca037a75bcaffdd4
A5/CS/CUU,FML-A5-G1,G1,9,NUTRITION_BASE,20,2,ING_CA_ROT_THAI_HAT_LUU,Cà rốt thái hạt lựu,35.00,kg,17.95,Nền dinh dưỡng,Nền dinh dưỡng,90,Phần 2 — Nguyên liệu nền dinh dưỡng,CÔNG THỨC 20 SKU MỚI.txt,73b6a7f93f3583c8
A5/CS/CUU,FML-A5-G1,G1,10,NUTRITION_BASE,20,3,ING_BI_DO_THAI_HAT_LUU,Bí đỏ thái hạt lựu,33.00,kg,16.92,Nền dinh dưỡng,Nền dinh dưỡng,100,Phần 2 — Nguyên liệu nền dinh dưỡng,CÔNG THỨC 20 SKU MỚI.txt,0774b9c1a1a0bc82
A5/CS/CUU,FML-A5-G1,G1,11,NUTRITION_BASE,20,4,ING_DAU_XANH_KHONG_VO,Đậu xanh không vỏ,29.50,kg,15.13,Nền dinh dưỡng,Nền dinh dưỡng,110,Phần 2 — Nguyên liệu nền dinh dưỡng,CÔNG THỨC 20 SKU MỚI.txt,3fe463882b0233e3
A5/CS/CUU,FML-A5-G1,G1,12,NUTRITION_BASE,20,5,ING_NAM_KIM_CHAM_CAT_KHUC_20_30_MM,Nấm kim châm cắt khúc 20–30 mm,18.50,kg,9.49,Nền dinh dưỡng,Nền dinh dưỡng,120,Phần 2 — Nguyên liệu nền dinh dưỡng,CÔNG THỨC 20 SKU MỚI.txt,1bdba648b1aa29b8
A5/CS/CUU,FML-A5-G1,G1,13,BROTH_EXTRACT,30,1,ING_TAO_TAU_DUNG_NUOC_HAM,Táo tàu dùng nước hầm,4.40,kg,2.26,Chiết dịch nước hầm,Chiết dịch nước hầm,130,Phần 3 — Rau củ chiết dịch tạo nước hầm (dùng chung),CÔNG THỨC 20 SKU MỚI.txt,9ea254a3883ee28e
A5/CS/CUU,FML-A5-G1,G1,14,BROTH_EXTRACT,30,2,ING_CU_CAI_TRANG_THAI_KHUC,Củ cải trắng thái khúc,49.20,kg,25.23,Chiết dịch nước hầm,Chiết dịch nước hầm,140,Phần 3 — Rau củ chiết dịch tạo nước hầm (dùng chung),CÔNG THỨC 20 SKU MỚI.txt,f79a51f30f49c42d
A5/CS/CUU,FML-A5-G1,G1,15,BROTH_EXTRACT,30,3,ING_RONG_BIEN_KOMBU_WAKAME,Rong biển kombu / wakame,7.00,kg,3.59,Chiết dịch nước hầm,Chiết dịch nước hầm,150,Phần 3 — Rau củ chiết dịch tạo nước hầm (dùng chung),CÔNG THỨC 20 SKU MỚI.txt,5e4c05da5a011607
A5/CS/CUU,FML-A5-G1,G1,16,BROTH_EXTRACT,30,4,ING_HANH_TAY_CHE_4,Hành tây chẻ 4,21.30,kg,10.92,Chiết dịch nước hầm,Chiết dịch nước hầm,160,Phần 3 — Rau củ chiết dịch tạo nước hầm (dùng chung),CÔNG THỨC 20 SKU MỚI.txt,7ca2ffb7ccceefc2
A5/CS/CUU,FML-A5-G1,G1,17,BROTH_EXTRACT,30,5,ING_NUOC_DUA_NGUYEN_CHAT,Nước dừa nguyên chất,55.00,lít,28.21,Nền dịch hầm,Nền dịch hầm,170,Phần 3 — Rau củ chiết dịch tạo nước hầm (dùng chung),CÔNG THỨC 20 SKU MỚI.txt,fafb3519e2f045b1
A5/CS/CUU,FML-A5-G1,G1,18,SEASONING_FLAVOR,40,1,ING_MUOI_BIEN_RANG,Muối biển rang,12.84,kg,6.58,Nêm vị,Nêm vị,180,Phần 4 — Nguyên liệu nêm & tạo hương vị (dùng chung),CÔNG THỨC 20 SKU MỚI.txt,a8912dfef47b123a
A5/CS/CUU,FML-A5-G1,G1,19,SEASONING_FLAVOR,40,2,ING_TIEU_DEN_RANG,Tiêu đen rang,1.32,kg,0.68,Tạo hương vị,Tạo hương vị,190,Phần 4 — Nguyên liệu nêm & tạo hương vị (dùng chung),CÔNG THỨC 20 SKU MỚI.txt,96fd7b1ed4ba5668
A5/CS/CUU,FML-A5-G1,G1,20,SEASONING_FLAVOR,40,3,ING_TOI_NUONG,Tỏi nướng,0.72,kg,0.37,Tạo hương vị,Tạo hương vị,200,Phần 4 — Nguyên liệu nêm & tạo hương vị (dùng chung),CÔNG THỨC 20 SKU MỚI.txt,4b063259919f3874
A5/CS/CUU,FML-A5-G1,G1,21,SEASONING_FLAVOR,40,4,ING_HANH_LA_THAI_KHUC,Hành lá thái khúc,2.19,kg,1.12,Tạo hương vị,Tạo hương vị,210,Phần 4 — Nguyên liệu nêm & tạo hương vị (dùng chung),CÔNG THỨC 20 SKU MỚI.txt,3d6bd5fd5ca199bf
A5/CS/CUU,FML-A5-G1,G1,22,SEASONING_FLAVOR,40,5,ING_RE_CAN_TAY_THAI_NHUYEN,Rễ cần tây thái nhuyễn,1.25,kg,0.64,Tạo hương vị,Tạo hương vị,220,Phần 4 — Nguyên liệu nêm & tạo hương vị (dùng chung),CÔNG THỨC 20 SKU MỚI.txt,c7411de7835e69d0
A5/CS/CUU,FML-A5-G1,G1,23,SEASONING_FLAVOR,40,6,ING_MI_CHINH,Mì chính,1.90,kg,0.97,Tạo vị umami,Tạo vị umami,230,Phần 4 — Nguyên liệu nêm & tạo hương vị (dùng chung),CÔNG THỨC 20 SKU MỚI.txt,d4269dcc12a8bee8
B1/CS/RM/ĐX,FML-B1-G1,G1,1,SPECIAL_SKU_COMPONENT,10,1,HRB_SAM_SAVIGIN,Sâm Savigin,9.00,kg,4.62,Thành phần đặc thù SKU,Thành phần đặc thù SKU,10,Phần 1 — Thành phần đặc thù SKU,CÔNG THỨC 20 SKU MỚI.txt,e8f81980c1442c9a
B1/CS/RM/ĐX,FML-B1-G1,G1,2,SPECIAL_SKU_COMPONENT,10,2,ING_RAU_MA,Rau má,15.50,kg,7.95,Thành phần đặc thù SKU,Thành phần đặc thù SKU,20,Phần 1 — Thành phần đặc thù SKU,CÔNG THỨC 20 SKU MỚI.txt,4b8b8fa4dd723e33
B1/CS/RM/ĐX,FML-B1-G1,G1,3,SPECIAL_SKU_COMPONENT,10,3,ING_DAU_XANH_KHONG_VO,Đậu xanh không vỏ,29.50,kg,15.13,Thành phần đặc thù SKU,Thành phần đặc thù SKU,30,Phần 1 — Thành phần đặc thù SKU,CÔNG THỨC 20 SKU MỚI.txt,9a899d483b525f26
B1/CS/RM/ĐX,FML-B1-G1,G1,4,SPECIAL_SKU_COMPONENT,10,4,ING_HOAI_SON,Hoài sơn,15.50,kg,7.95,Thành phần đặc thù SKU,Thành phần đặc thù SKU,40,Phần 1 — Thành phần đặc thù SKU,CÔNG THỨC 20 SKU MỚI.txt,b4d881ede5488ed4
B1/CS/RM/ĐX,FML-B1-G1,G1,5,SPECIAL_SKU_COMPONENT,10,5,ING_KY_TU,Kỷ tử,3.00,kg,1.54,Thành phần đặc thù SKU,Thành phần đặc thù SKU,50,Phần 1 — Thành phần đặc thù SKU,CÔNG THỨC 20 SKU MỚI.txt,e54374e18abf340e
B1/CS/RM/ĐX,FML-B1-G1,G1,6,SPECIAL_SKU_COMPONENT,10,6,ING_GUNG_NUONG,Gừng nướng,0.80,kg,0.41,Thành phần đặc thù SKU,Thành phần đặc thù SKU,60,Phần 1 — Thành phần đặc thù SKU,CÔNG THỨC 20 SKU MỚI.txt,f031b4dd29a78b3c
B1/CS/RM/ĐX,FML-B1-G1,G1,7,NUTRITION_BASE,20,1,ING_GAO,"Gạo (lúa – tôm, rửa sạch)",195.00,kg,100.00,Nền chính,Nền chính,70,Phần 2 — Nguyên liệu nền dinh dưỡng,CÔNG THỨC 20 SKU MỚI.txt,9ba64d8d9c9e46a9
B1/CS/RM/ĐX,FML-B1-G1,G1,8,NUTRITION_BASE,20,2,ING_CA_ROT_THAI_HAT_LUU,Cà rốt thái hạt lựu,35.00,kg,17.95,Nền dinh dưỡng,Nền dinh dưỡng,80,Phần 2 — Nguyên liệu nền dinh dưỡng,CÔNG THỨC 20 SKU MỚI.txt,88d7f19352adeef3
B1/CS/RM/ĐX,FML-B1-G1,G1,9,NUTRITION_BASE,20,3,ING_BI_DO_THAI_HAT_LUU,Bí đỏ thái hạt lựu,33.00,kg,16.92,Nền dinh dưỡng,Nền dinh dưỡng,90,Phần 2 — Nguyên liệu nền dinh dưỡng,CÔNG THỨC 20 SKU MỚI.txt,7942a372a29445f4
B1/CS/RM/ĐX,FML-B1-G1,G1,10,NUTRITION_BASE,20,4,ING_NAM_KIM_CHAM_CAT_KHUC_20_30_MM,Nấm kim châm cắt khúc 20–30 mm,18.50,kg,9.49,Nền dinh dưỡng,Nền dinh dưỡng,100,Phần 2 — Nguyên liệu nền dinh dưỡng,CÔNG THỨC 20 SKU MỚI.txt,718176cf93b7b752
B1/CS/RM/ĐX,FML-B1-G1,G1,11,BROTH_EXTRACT,30,1,ING_TAO_TAU,Táo tàu,4.40,kg,2.26,Chiết dịch nước hầm,Chiết dịch nước hầm,110,Phần 3 — Rau củ chiết dịch tạo nước hầm (dùng chung),CÔNG THỨC 20 SKU MỚI.txt,e43ad23acfdf791e
B1/CS/RM/ĐX,FML-B1-G1,G1,12,BROTH_EXTRACT,30,2,ING_CU_CAI_TRANG_THAI_KHUC,Củ cải trắng thái khúc,49.20,kg,25.23,Chiết dịch nước hầm,Chiết dịch nước hầm,120,Phần 3 — Rau củ chiết dịch tạo nước hầm (dùng chung),CÔNG THỨC 20 SKU MỚI.txt,cf3cc3c10b944dbc
B1/CS/RM/ĐX,FML-B1-G1,G1,13,BROTH_EXTRACT,30,3,ING_RONG_BIEN_KOMBU_WAKAME,Rong biển kombu / wakame,7.00,kg,3.59,Chiết dịch nước hầm,Chiết dịch nước hầm,130,Phần 3 — Rau củ chiết dịch tạo nước hầm (dùng chung),CÔNG THỨC 20 SKU MỚI.txt,9f41d2b2ed410ca5
B1/CS/RM/ĐX,FML-B1-G1,G1,14,BROTH_EXTRACT,30,4,ING_HANH_TAY_CHE_4,Hành tây chẻ 4,21.30,kg,10.92,Chiết dịch nước hầm,Chiết dịch nước hầm,140,Phần 3 — Rau củ chiết dịch tạo nước hầm (dùng chung),CÔNG THỨC 20 SKU MỚI.txt,f9461204f5b37b24
B1/CS/RM/ĐX,FML-B1-G1,G1,15,BROTH_EXTRACT,30,5,ING_NUOC_DUA_NGUYEN_CHAT,Nước dừa nguyên chất,55.00,lít,28.21,Nền dịch hầm,Nền dịch hầm,150,Phần 3 — Rau củ chiết dịch tạo nước hầm (dùng chung),CÔNG THỨC 20 SKU MỚI.txt,a0c094b209f0ff09
B1/CS/RM/ĐX,FML-B1-G1,G1,16,SEASONING_FLAVOR,40,1,ING_MUOI_BIEN_RANG,Muối biển rang,12.84,kg,6.58,Nêm vị,Nêm vị,160,Phần 4 — Nguyên liệu nêm & tạo hương vị (dùng chung),CÔNG THỨC 20 SKU MỚI.txt,2071046ba13210f3
B1/CS/RM/ĐX,FML-B1-G1,G1,17,SEASONING_FLAVOR,40,2,ING_TIEU_DEN_RANG,Tiêu đen rang,1.32,kg,0.68,Tạo hương vị,Tạo hương vị,170,Phần 4 — Nguyên liệu nêm & tạo hương vị (dùng chung),CÔNG THỨC 20 SKU MỚI.txt,5707adf542a9e4c0
B1/CS/RM/ĐX,FML-B1-G1,G1,18,SEASONING_FLAVOR,40,3,ING_TOI_NUONG,Tỏi nướng,0.72,kg,0.37,Tạo hương vị,Tạo hương vị,180,Phần 4 — Nguyên liệu nêm & tạo hương vị (dùng chung),CÔNG THỨC 20 SKU MỚI.txt,4e115351d3560813
B1/CS/RM/ĐX,FML-B1-G1,G1,19,SEASONING_FLAVOR,40,4,ING_HANH_LA_THAI_KHUC,Hành lá thái khúc,2.19,kg,1.12,Tạo hương vị,Tạo hương vị,190,Phần 4 — Nguyên liệu nêm & tạo hương vị (dùng chung),CÔNG THỨC 20 SKU MỚI.txt,b47a275bb012d7c9
B1/CS/RM/ĐX,FML-B1-G1,G1,20,SEASONING_FLAVOR,40,5,ING_RE_CAN_TAY_THAI_NHUYEN,Rễ cần tây thái nhuyễn,1.25,kg,0.64,Tạo hương vị,Tạo hương vị,200,Phần 4 — Nguyên liệu nêm & tạo hương vị (dùng chung),CÔNG THỨC 20 SKU MỚI.txt,2b774cd24e3ce7bb
B1/CS/RM/ĐX,FML-B1-G1,G1,21,SEASONING_FLAVOR,40,6,ING_MI_CHINH,Mì chính,1.90,kg,0.97,Tạo vị umami,Tạo vị umami,210,Phần 4 — Nguyên liệu nêm & tạo hương vị (dùng chung),CÔNG THỨC 20 SKU MỚI.txt,40fa73c12369bc21
B2/CS/DHA,FML-B2-G1,G1,1,SPECIAL_SKU_COMPONENT,10,1,HRB_SAM_SAVIGIN,Sâm Savigin,9.00,kg,4.62,Thành phần đặc thù SKU,Thành phần đặc thù SKU,10,Phần 1 — Thành phần đặc thù SKU,CÔNG THỨC 20 SKU MỚI.txt,08d5824582f7c13b
B2/CS/DHA,FML-B2-G1,G1,2,SPECIAL_SKU_COMPONENT,10,2,ING_CA_HOI,Cá hồi,15.50,kg,7.95,Thành phần đặc thù SKU,Thành phần đặc thù SKU,20,Phần 1 — Thành phần đặc thù SKU,CÔNG THỨC 20 SKU MỚI.txt,4863948e229554ed
B2/CS/DHA,FML-B2-G1,G1,3,SPECIAL_SKU_COMPONENT,10,3,ING_HOAI_SON,Hoài sơn,15.50,kg,7.95,Thành phần đặc thù SKU,Thành phần đặc thù SKU,30,Phần 1 — Thành phần đặc thù SKU,CÔNG THỨC 20 SKU MỚI.txt,9442d5d7cefaaa75
B2/CS/DHA,FML-B2-G1,G1,4,SPECIAL_SKU_COMPONENT,10,4,ING_VUNG,Vừng,6.00,kg,3.08,Thành phần đặc thù SKU,Thành phần đặc thù SKU,40,Phần 1 — Thành phần đặc thù SKU,CÔNG THỨC 20 SKU MỚI.txt,7093c2756f97b987
B2/CS/DHA,FML-B2-G1,G1,5,SPECIAL_SKU_COMPONENT,10,5,ING_KY_TU,Kỷ tử,3.00,kg,1.54,Thành phần đặc thù SKU,Thành phần đặc thù SKU,50,Phần 1 — Thành phần đặc thù SKU,CÔNG THỨC 20 SKU MỚI.txt,7bd7f6ae1c789ee7
B2/CS/DHA,FML-B2-G1,G1,6,SPECIAL_SKU_COMPONENT,10,6,ING_GUNG_NUONG,Gừng nướng,0.40,kg,0.21,Thành phần đặc thù SKU,Thành phần đặc thù SKU,60,Phần 1 — Thành phần đặc thù SKU,CÔNG THỨC 20 SKU MỚI.txt,3b7939ef812ab834
B2/CS/DHA,FML-B2-G1,G1,7,SPECIAL_SKU_COMPONENT,10,7,ING_TRAN_BI,Trần bì,0.40,kg,0.21,Thành phần đặc thù SKU,Thành phần đặc thù SKU,70,Phần 1 — Thành phần đặc thù SKU,CÔNG THỨC 20 SKU MỚI.txt,df1cca43dd54ea26
B2/CS/DHA,FML-B2-G1,G1,8,NUTRITION_BASE,20,1,ING_GAO,"Gạo (lúa – tôm, rửa sạch)",195.00,kg,100.00,Nền chính,Nền chính,80,Phần 2 — Nguyên liệu nền dinh dưỡng,CÔNG THỨC 20 SKU MỚI.txt,88ae685a98d1a3f1
B2/CS/DHA,FML-B2-G1,G1,9,NUTRITION_BASE,20,2,ING_CA_ROT_THAI_HAT_LUU,Cà rốt thái hạt lựu,35.00,kg,17.95,Nền dinh dưỡng,Nền dinh dưỡng,90,Phần 2 — Nguyên liệu nền dinh dưỡng,CÔNG THỨC 20 SKU MỚI.txt,2d428728b18711f2
B2/CS/DHA,FML-B2-G1,G1,10,NUTRITION_BASE,20,3,ING_BI_DO_THAI_HAT_LUU,Bí đỏ thái hạt lựu,33.00,kg,16.92,Nền dinh dưỡng,Nền dinh dưỡng,100,Phần 2 — Nguyên liệu nền dinh dưỡng,CÔNG THỨC 20 SKU MỚI.txt,f0f98b2ed599dfb5
B2/CS/DHA,FML-B2-G1,G1,11,NUTRITION_BASE,20,4,ING_DAU_XANH_KHONG_VO,Đậu xanh không vỏ,29.50,kg,15.13,Nền dinh dưỡng,Nền dinh dưỡng,110,Phần 2 — Nguyên liệu nền dinh dưỡng,CÔNG THỨC 20 SKU MỚI.txt,eeb1c3066ea4de0d
B2/CS/DHA,FML-B2-G1,G1,12,NUTRITION_BASE,20,5,ING_NAM_KIM_CHAM_CAT_KHUC_20_30_MM,Nấm kim châm cắt khúc 20–30 mm,18.50,kg,9.49,Nền dinh dưỡng,Nền dinh dưỡng,120,Phần 2 — Nguyên liệu nền dinh dưỡng,CÔNG THỨC 20 SKU MỚI.txt,0e45335ce1ded6d9
B2/CS/DHA,FML-B2-G1,G1,13,BROTH_EXTRACT,30,1,ING_TAO_TAU,Táo tàu,4.40,kg,2.26,Chiết dịch nước hầm,Chiết dịch nước hầm,130,Phần 3 — Rau củ chiết dịch tạo nước hầm (dùng chung),CÔNG THỨC 20 SKU MỚI.txt,69f682649b8e6908
B2/CS/DHA,FML-B2-G1,G1,14,BROTH_EXTRACT,30,2,ING_CU_CAI_TRANG_THAI_KHUC,Củ cải trắng thái khúc,49.20,kg,25.23,Chiết dịch nước hầm,Chiết dịch nước hầm,140,Phần 3 — Rau củ chiết dịch tạo nước hầm (dùng chung),CÔNG THỨC 20 SKU MỚI.txt,61b9aa1e4cb050c5
B2/CS/DHA,FML-B2-G1,G1,15,BROTH_EXTRACT,30,3,ING_RONG_BIEN_KOMBU_WAKAME,Rong biển kombu / wakame,7.00,kg,3.59,Chiết dịch nước hầm,Chiết dịch nước hầm,150,Phần 3 — Rau củ chiết dịch tạo nước hầm (dùng chung),CÔNG THỨC 20 SKU MỚI.txt,42f91d045eb443fe
B2/CS/DHA,FML-B2-G1,G1,16,BROTH_EXTRACT,30,4,ING_HANH_TAY_CHE_4,Hành tây chẻ 4,21.30,kg,10.92,Chiết dịch nước hầm,Chiết dịch nước hầm,160,Phần 3 — Rau củ chiết dịch tạo nước hầm (dùng chung),CÔNG THỨC 20 SKU MỚI.txt,78bd28bd29c45702
B2/CS/DHA,FML-B2-G1,G1,17,BROTH_EXTRACT,30,5,ING_NUOC_DUA_NGUYEN_CHAT,Nước dừa nguyên chất,55.00,lít,28.21,Nền dịch hầm,Nền dịch hầm,170,Phần 3 — Rau củ chiết dịch tạo nước hầm (dùng chung),CÔNG THỨC 20 SKU MỚI.txt,24467fbfef2dad7f
B2/CS/DHA,FML-B2-G1,G1,18,SEASONING_FLAVOR,40,1,ING_MUOI_BIEN_RANG,Muối biển rang,12.84,kg,6.58,Nêm vị,Nêm vị,180,Phần 4 — Nguyên liệu nêm & tạo hương vị (dùng chung),CÔNG THỨC 20 SKU MỚI.txt,8d4844fa136d3f9d
B2/CS/DHA,FML-B2-G1,G1,19,SEASONING_FLAVOR,40,2,ING_TIEU_DEN_RANG,Tiêu đen rang,1.32,kg,0.68,Tạo hương vị,Tạo hương vị,190,Phần 4 — Nguyên liệu nêm & tạo hương vị (dùng chung),CÔNG THỨC 20 SKU MỚI.txt,5797d2af31ed28a9
B2/CS/DHA,FML-B2-G1,G1,20,SEASONING_FLAVOR,40,3,ING_TOI_NUONG,Tỏi nướng,0.72,kg,0.37,Tạo hương vị,Tạo hương vị,200,Phần 4 — Nguyên liệu nêm & tạo hương vị (dùng chung),CÔNG THỨC 20 SKU MỚI.txt,6e9ee3de98ea6a52
B2/CS/DHA,FML-B2-G1,G1,21,SEASONING_FLAVOR,40,4,ING_HANH_LA_THAI_KHUC,Hành lá thái khúc,2.19,kg,1.12,Tạo hương vị,Tạo hương vị,210,Phần 4 — Nguyên liệu nêm & tạo hương vị (dùng chung),CÔNG THỨC 20 SKU MỚI.txt,8c8d26255ac3c96d
B2/CS/DHA,FML-B2-G1,G1,22,SEASONING_FLAVOR,40,5,ING_RE_CAN_TAY_THAI_NHUYEN,Rễ cần tây thái nhuyễn,1.25,kg,0.64,Tạo hương vị,Tạo hương vị,220,Phần 4 — Nguyên liệu nêm & tạo hương vị (dùng chung),CÔNG THỨC 20 SKU MỚI.txt,c85ffa3c38a87fb9
B2/CS/DHA,FML-B2-G1,G1,23,SEASONING_FLAVOR,40,6,ING_MI_CHINH,Mì chính,1.90,kg,0.97,Tạo vị umami,Tạo vị umami,230,Phần 4 — Nguyên liệu nêm & tạo hương vị (dùng chung),CÔNG THỨC 20 SKU MỚI.txt,a21553295edd3125
B3/CS/CACOM,FML-B3-G1,G1,1,SPECIAL_SKU_COMPONENT,10,1,HRB_SAM_SAVIGIN,Sâm Savigin,9.00,kg,4.62,Thành phần đặc thù SKU,Thành phần đặc thù SKU,10,Phần 1 — Thành phần đặc thù SKU,CÔNG THỨC 20 SKU MỚI.txt,97199d871d958f23
B3/CS/CACOM,FML-B3-G1,G1,2,SPECIAL_SKU_COMPONENT,10,2,ING_CA_COM,Cá cơm,15.50,kg,7.95,Thành phần đặc thù SKU,Thành phần đặc thù SKU,20,Phần 1 — Thành phần đặc thù SKU,CÔNG THỨC 20 SKU MỚI.txt,5ed4ac01042a4714
B3/CS/CACOM,FML-B3-G1,G1,3,SPECIAL_SKU_COMPONENT,10,3,ING_HOAI_SON,Hoài sơn,15.50,kg,7.95,Thành phần đặc thù SKU,Thành phần đặc thù SKU,30,Phần 1 — Thành phần đặc thù SKU,CÔNG THỨC 20 SKU MỚI.txt,a1492c8db5f34d75
B3/CS/CACOM,FML-B3-G1,G1,4,SPECIAL_SKU_COMPONENT,10,4,ING_VUNG,Vừng,6.00,kg,3.08,Thành phần đặc thù SKU,Thành phần đặc thù SKU,40,Phần 1 — Thành phần đặc thù SKU,CÔNG THỨC 20 SKU MỚI.txt,899ec2947bbe0be8
B3/CS/CACOM,FML-B3-G1,G1,5,SPECIAL_SKU_COMPONENT,10,5,ING_KY_TU,Kỷ tử,3.00,kg,1.54,Thành phần đặc thù SKU,Thành phần đặc thù SKU,50,Phần 1 — Thành phần đặc thù SKU,CÔNG THỨC 20 SKU MỚI.txt,016eda6b997ed7f9
B3/CS/CACOM,FML-B3-G1,G1,6,SPECIAL_SKU_COMPONENT,10,6,ING_GUNG_NUONG,Gừng nướng,0.80,kg,0.41,Thành phần đặc thù SKU,Thành phần đặc thù SKU,60,Phần 1 — Thành phần đặc thù SKU,CÔNG THỨC 20 SKU MỚI.txt,21f15a897990ceda
B3/CS/CACOM,FML-B3-G1,G1,7,NUTRITION_BASE,20,1,ING_GAO,"Gạo (lúa – tôm, rửa sạch)",195.00,kg,100.00,Nền chính,Nền chính,70,Phần 2 — Nguyên liệu nền dinh dưỡng,CÔNG THỨC 20 SKU MỚI.txt,b3ab7fce78a1c474
B3/CS/CACOM,FML-B3-G1,G1,8,NUTRITION_BASE,20,2,ING_CA_ROT_THAI_HAT_LUU,Cà rốt thái hạt lựu,35.00,kg,17.95,Nền dinh dưỡng,Nền dinh dưỡng,80,Phần 2 — Nguyên liệu nền dinh dưỡng,CÔNG THỨC 20 SKU MỚI.txt,7d0adc3f2bbe27cd
B3/CS/CACOM,FML-B3-G1,G1,9,NUTRITION_BASE,20,3,ING_BI_DO_THAI_HAT_LUU,Bí đỏ thái hạt lựu,33.00,kg,16.92,Nền dinh dưỡng,Nền dinh dưỡng,90,Phần 2 — Nguyên liệu nền dinh dưỡng,CÔNG THỨC 20 SKU MỚI.txt,aaaaadb460abcf7a
B3/CS/CACOM,FML-B3-G1,G1,10,NUTRITION_BASE,20,4,ING_DAU_XANH_KHONG_VO,Đậu xanh không vỏ,29.50,kg,15.13,Nền dinh dưỡng,Nền dinh dưỡng,100,Phần 2 — Nguyên liệu nền dinh dưỡng,CÔNG THỨC 20 SKU MỚI.txt,6b1c0b7237d38987
B3/CS/CACOM,FML-B3-G1,G1,11,NUTRITION_BASE,20,5,ING_NAM_KIM_CHAM_CAT_KHUC_20_30_MM,Nấm kim châm cắt khúc 20–30 mm,18.50,kg,9.49,Nền dinh dưỡng,Nền dinh dưỡng,110,Phần 2 — Nguyên liệu nền dinh dưỡng,CÔNG THỨC 20 SKU MỚI.txt,f134ebc2e0bed14d
B3/CS/CACOM,FML-B3-G1,G1,12,BROTH_EXTRACT,30,1,ING_TAO_TAU,Táo tàu,4.40,kg,2.26,Chiết dịch nước hầm,Chiết dịch nước hầm,120,Phần 3 — Rau củ chiết dịch tạo nước hầm (dùng chung),CÔNG THỨC 20 SKU MỚI.txt,389c89ebb3370a5a
B3/CS/CACOM,FML-B3-G1,G1,13,BROTH_EXTRACT,30,2,ING_CU_CAI_TRANG_THAI_KHUC,Củ cải trắng thái khúc,49.20,kg,25.23,Chiết dịch nước hầm,Chiết dịch nước hầm,130,Phần 3 — Rau củ chiết dịch tạo nước hầm (dùng chung),CÔNG THỨC 20 SKU MỚI.txt,131354fb6eef6a92
B3/CS/CACOM,FML-B3-G1,G1,14,BROTH_EXTRACT,30,3,ING_RONG_BIEN_KOMBU_WAKAME,Rong biển kombu / wakame,7.00,kg,3.59,Chiết dịch nước hầm,Chiết dịch nước hầm,140,Phần 3 — Rau củ chiết dịch tạo nước hầm (dùng chung),CÔNG THỨC 20 SKU MỚI.txt,aac55daa53ff31b8
B3/CS/CACOM,FML-B3-G1,G1,15,BROTH_EXTRACT,30,4,ING_HANH_TAY_CHE_4,Hành tây chẻ 4,21.30,kg,10.92,Chiết dịch nước hầm,Chiết dịch nước hầm,150,Phần 3 — Rau củ chiết dịch tạo nước hầm (dùng chung),CÔNG THỨC 20 SKU MỚI.txt,1778a6babc0b27f9
B3/CS/CACOM,FML-B3-G1,G1,16,BROTH_EXTRACT,30,5,ING_NUOC_DUA_NGUYEN_CHAT,Nước dừa nguyên chất,55.00,lít,28.21,Nền dịch hầm,Nền dịch hầm,160,Phần 3 — Rau củ chiết dịch tạo nước hầm (dùng chung),CÔNG THỨC 20 SKU MỚI.txt,233528a577932eaa
B3/CS/CACOM,FML-B3-G1,G1,17,SEASONING_FLAVOR,40,1,ING_MUOI_BIEN_RANG,Muối biển rang,12.84,kg,6.58,Nêm vị,Nêm vị,170,Phần 4 — Nguyên liệu nêm & tạo hương vị (dùng chung),CÔNG THỨC 20 SKU MỚI.txt,a694bd27abc18e02
B3/CS/CACOM,FML-B3-G1,G1,18,SEASONING_FLAVOR,40,2,ING_TIEU_DEN_RANG,Tiêu đen rang,1.32,kg,0.68,Tạo hương vị,Tạo hương vị,180,Phần 4 — Nguyên liệu nêm & tạo hương vị (dùng chung),CÔNG THỨC 20 SKU MỚI.txt,1969ea64a6c1a6e1
B3/CS/CACOM,FML-B3-G1,G1,19,SEASONING_FLAVOR,40,3,ING_TOI_NUONG,Tỏi nướng,0.72,kg,0.37,Tạo hương vị,Tạo hương vị,190,Phần 4 — Nguyên liệu nêm & tạo hương vị (dùng chung),CÔNG THỨC 20 SKU MỚI.txt,d412c498b41cf1cd
B3/CS/CACOM,FML-B3-G1,G1,20,SEASONING_FLAVOR,40,4,ING_HANH_LA_THAI_KHUC,Hành lá thái khúc,2.19,kg,1.12,Tạo hương vị,Tạo hương vị,200,Phần 4 — Nguyên liệu nêm & tạo hương vị (dùng chung),CÔNG THỨC 20 SKU MỚI.txt,ce7d57be57d79a5b
B3/CS/CACOM,FML-B3-G1,G1,21,SEASONING_FLAVOR,40,5,ING_RE_CAN_TAY_THAI_NHUYEN,Rễ cần tây thái nhuyễn,1.25,kg,0.64,Tạo hương vị,Tạo hương vị,210,Phần 4 — Nguyên liệu nêm & tạo hương vị (dùng chung),CÔNG THỨC 20 SKU MỚI.txt,855024492c12a28d
B3/CS/CACOM,FML-B3-G1,G1,22,SEASONING_FLAVOR,40,6,ING_MI_CHINH,Mì chính,1.90,kg,0.97,Tạo vị umami,Tạo vị umami,220,Phần 4 — Nguyên liệu nêm & tạo hương vị (dùng chung),CÔNG THỨC 20 SKU MỚI.txt,c9301343d0b53023
B4/CS/COLAGEN,FML-B4-G1,G1,1,SPECIAL_SKU_COMPONENT,10,1,HRB_SAM_SAVIGIN,Sâm Savigin,9.00,kg,4.62,Thành phần đặc thù SKU,Thành phần đặc thù SKU,10,Phần 1 — Thành phần đặc thù SKU,CÔNG THỨC 20 SKU MỚI.txt,4bbf1e8b50b6c7f4
B4/CS/COLAGEN,FML-B4-G1,G1,2,SPECIAL_SKU_COMPONENT,10,2,ING_THIT_HEO_NAC,Thịt heo nạc,10.50,kg,5.38,Thành phần đặc thù SKU,Thành phần đặc thù SKU,20,Phần 1 — Thành phần đặc thù SKU,CÔNG THỨC 20 SKU MỚI.txt,9518fd30ec33194c
B4/CS/COLAGEN,FML-B4-G1,G1,3,SPECIAL_SKU_COMPONENT,10,3,ING_DA_HEO,Da heo,5.00,kg,2.56,Thành phần đặc thù SKU,Thành phần đặc thù SKU,30,Phần 1 — Thành phần đặc thù SKU,CÔNG THỨC 20 SKU MỚI.txt,c3f0b9ef52e8c8b7
B4/CS/COLAGEN,FML-B4-G1,G1,4,SPECIAL_SKU_COMPONENT,10,4,ING_HOAI_SON,Hoài sơn,15.50,kg,7.95,Thành phần đặc thù SKU,Thành phần đặc thù SKU,40,Phần 1 — Thành phần đặc thù SKU,CÔNG THỨC 20 SKU MỚI.txt,1c8ee016b7e1146c
B4/CS/COLAGEN,FML-B4-G1,G1,5,SPECIAL_SKU_COMPONENT,10,5,ING_KY_TU,Kỷ tử,3.00,kg,1.54,Thành phần đặc thù SKU,Thành phần đặc thù SKU,50,Phần 1 — Thành phần đặc thù SKU,CÔNG THỨC 20 SKU MỚI.txt,b37a7590674e0206
B4/CS/COLAGEN,FML-B4-G1,G1,6,SPECIAL_SKU_COMPONENT,10,6,ING_GUNG_NUONG,Gừng nướng,0.80,kg,0.41,Thành phần đặc thù SKU,Thành phần đặc thù SKU,60,Phần 1 — Thành phần đặc thù SKU,CÔNG THỨC 20 SKU MỚI.txt,a9513b1e5bde0c04
B4/CS/COLAGEN,FML-B4-G1,G1,7,NUTRITION_BASE,20,1,ING_GAO,"Gạo (lúa – tôm, rửa sạch)",195.00,kg,100.00,Nền chính,Nền chính,70,Phần 2 — Nguyên liệu nền dinh dưỡng,CÔNG THỨC 20 SKU MỚI.txt,c2e4f1d20a0e5300
B4/CS/COLAGEN,FML-B4-G1,G1,8,NUTRITION_BASE,20,2,ING_CA_ROT_THAI_HAT_LUU,Cà rốt thái hạt lựu,35.00,kg,17.95,Nền dinh dưỡng,Nền dinh dưỡng,80,Phần 2 — Nguyên liệu nền dinh dưỡng,CÔNG THỨC 20 SKU MỚI.txt,99cb93eba39d7b72
B4/CS/COLAGEN,FML-B4-G1,G1,9,NUTRITION_BASE,20,3,ING_BI_DO_THAI_HAT_LUU,Bí đỏ thái hạt lựu,33.00,kg,16.92,Nền dinh dưỡng,Nền dinh dưỡng,90,Phần 2 — Nguyên liệu nền dinh dưỡng,CÔNG THỨC 20 SKU MỚI.txt,a1048563f714bc02
B4/CS/COLAGEN,FML-B4-G1,G1,10,NUTRITION_BASE,20,4,ING_DAU_XANH_KHONG_VO,Đậu xanh không vỏ,29.50,kg,15.13,Nền dinh dưỡng,Nền dinh dưỡng,100,Phần 2 — Nguyên liệu nền dinh dưỡng,CÔNG THỨC 20 SKU MỚI.txt,2b29378d62038432
B4/CS/COLAGEN,FML-B4-G1,G1,11,NUTRITION_BASE,20,5,ING_NAM_KIM_CHAM_CAT_KHUC_20_30_MM,Nấm kim châm cắt khúc 20–30 mm,18.50,kg,9.49,Nền dinh dưỡng,Nền dinh dưỡng,110,Phần 2 — Nguyên liệu nền dinh dưỡng,CÔNG THỨC 20 SKU MỚI.txt,dc1f1f974b1a0c66
B4/CS/COLAGEN,FML-B4-G1,G1,12,BROTH_EXTRACT,30,1,ING_TAO_TAU,Táo tàu,4.40,kg,2.26,Chiết dịch nước hầm,Chiết dịch nước hầm,120,Phần 3 — Rau củ chiết dịch tạo nước hầm (dùng chung),CÔNG THỨC 20 SKU MỚI.txt,627f950baca134b7
B4/CS/COLAGEN,FML-B4-G1,G1,13,BROTH_EXTRACT,30,2,ING_CU_CAI_TRANG_THAI_KHUC,Củ cải trắng thái khúc,49.20,kg,25.23,Chiết dịch nước hầm,Chiết dịch nước hầm,130,Phần 3 — Rau củ chiết dịch tạo nước hầm (dùng chung),CÔNG THỨC 20 SKU MỚI.txt,0d613d2b99a8af23
B4/CS/COLAGEN,FML-B4-G1,G1,14,BROTH_EXTRACT,30,3,ING_RONG_BIEN_KOMBU_WAKAME,Rong biển kombu / wakame,7.00,kg,3.59,Chiết dịch nước hầm,Chiết dịch nước hầm,140,Phần 3 — Rau củ chiết dịch tạo nước hầm (dùng chung),CÔNG THỨC 20 SKU MỚI.txt,e2dd09f47726cc59
B4/CS/COLAGEN,FML-B4-G1,G1,15,BROTH_EXTRACT,30,4,ING_HANH_TAY_CHE_4,Hành tây chẻ 4,21.30,kg,10.92,Chiết dịch nước hầm,Chiết dịch nước hầm,150,Phần 3 — Rau củ chiết dịch tạo nước hầm (dùng chung),CÔNG THỨC 20 SKU MỚI.txt,b129dcce21a224d4
B4/CS/COLAGEN,FML-B4-G1,G1,16,BROTH_EXTRACT,30,5,ING_NUOC_DUA_NGUYEN_CHAT,Nước dừa nguyên chất,55.00,lít,28.21,Nền dịch hầm,Nền dịch hầm,160,Phần 3 — Rau củ chiết dịch tạo nước hầm (dùng chung),CÔNG THỨC 20 SKU MỚI.txt,3c75c87046c6705e
B4/CS/COLAGEN,FML-B4-G1,G1,17,SEASONING_FLAVOR,40,1,ING_MUOI_BIEN_RANG,Muối biển rang,12.84,kg,6.58,Nêm vị,Nêm vị,170,Phần 4 — Nguyên liệu nêm & tạo hương vị (dùng chung),CÔNG THỨC 20 SKU MỚI.txt,c8304895a4902e80
B4/CS/COLAGEN,FML-B4-G1,G1,18,SEASONING_FLAVOR,40,2,ING_TIEU_DEN_RANG,Tiêu đen rang,1.32,kg,0.68,Tạo hương vị,Tạo hương vị,180,Phần 4 — Nguyên liệu nêm & tạo hương vị (dùng chung),CÔNG THỨC 20 SKU MỚI.txt,0567f14c83ecb939
B4/CS/COLAGEN,FML-B4-G1,G1,19,SEASONING_FLAVOR,40,3,ING_TOI_NUONG,Tỏi nướng,0.72,kg,0.37,Tạo hương vị,Tạo hương vị,190,Phần 4 — Nguyên liệu nêm & tạo hương vị (dùng chung),CÔNG THỨC 20 SKU MỚI.txt,aa9f453501e0bcc5
B4/CS/COLAGEN,FML-B4-G1,G1,20,SEASONING_FLAVOR,40,4,ING_HANH_LA_THAI_KHUC,Hành lá thái khúc,2.19,kg,1.12,Tạo hương vị,Tạo hương vị,200,Phần 4 — Nguyên liệu nêm & tạo hương vị (dùng chung),CÔNG THỨC 20 SKU MỚI.txt,bcc5806de512d226
B4/CS/COLAGEN,FML-B4-G1,G1,21,SEASONING_FLAVOR,40,5,ING_RE_CAN_TAY_THAI_NHUYEN,Rễ cần tây thái nhuyễn,1.25,kg,0.64,Tạo hương vị,Tạo hương vị,210,Phần 4 — Nguyên liệu nêm & tạo hương vị (dùng chung),CÔNG THỨC 20 SKU MỚI.txt,e10331e28ef1c464
B4/CS/COLAGEN,FML-B4-G1,G1,22,SEASONING_FLAVOR,40,6,ING_MI_CHINH,Mì chính,1.90,kg,0.97,Tạo vị umami,Tạo vị umami,220,Phần 4 — Nguyên liệu nêm & tạo hương vị (dùng chung),CÔNG THỨC 20 SKU MỚI.txt,d742cd2b73546453
B5/CS/SINHLUC,FML-B5-G1,G1,1,SPECIAL_SKU_COMPONENT,10,1,HRB_SAM_SAVIGIN,Sâm Savigin,9.00,kg,4.62,Thành phần đặc thù SKU,Thành phần đặc thù SKU,10,Phần 1 — Thành phần đặc thù SKU,CÔNG THỨC 20 SKU MỚI.txt,f19d860e1878b207
B5/CS/SINHLUC,FML-B5-G1,G1,2,SPECIAL_SKU_COMPONENT,10,2,ING_HAU_BIEN,Hàu biển,15.50,kg,7.95,Thành phần đặc thù SKU,Thành phần đặc thù SKU,20,Phần 1 — Thành phần đặc thù SKU,CÔNG THỨC 20 SKU MỚI.txt,b28b301be0ec6e5d
B5/CS/SINHLUC,FML-B5-G1,G1,3,SPECIAL_SKU_COMPONENT,10,3,ING_HOAI_SON,Hoài sơn,15.50,kg,7.95,Thành phần đặc thù SKU,Thành phần đặc thù SKU,30,Phần 1 — Thành phần đặc thù SKU,CÔNG THỨC 20 SKU MỚI.txt,64227adc79137c39
B5/CS/SINHLUC,FML-B5-G1,G1,4,SPECIAL_SKU_COMPONENT,10,4,ING_KY_TU,Kỷ tử,3.00,kg,1.54,Thành phần đặc thù SKU,Thành phần đặc thù SKU,40,Phần 1 — Thành phần đặc thù SKU,CÔNG THỨC 20 SKU MỚI.txt,21f2924a29601fbe
B5/CS/SINHLUC,FML-B5-G1,G1,5,SPECIAL_SKU_COMPONENT,10,5,ING_TRAN_BI,Trần bì,0.80,kg,0.41,Thành phần đặc thù SKU,Thành phần đặc thù SKU,50,Phần 1 — Thành phần đặc thù SKU,CÔNG THỨC 20 SKU MỚI.txt,00e847fdce883c94
B5/CS/SINHLUC,FML-B5-G1,G1,6,NUTRITION_BASE,20,1,ING_GAO,"Gạo (lúa – tôm, rửa sạch)",195.00,kg,100.00,Nền chính,Nền chính,60,Phần 2 — Nguyên liệu nền dinh dưỡng,CÔNG THỨC 20 SKU MỚI.txt,d8096e83b4d448df
B5/CS/SINHLUC,FML-B5-G1,G1,7,NUTRITION_BASE,20,2,ING_CA_ROT_THAI_HAT_LUU,Cà rốt thái hạt lựu,35.00,kg,17.95,Nền dinh dưỡng,Nền dinh dưỡng,70,Phần 2 — Nguyên liệu nền dinh dưỡng,CÔNG THỨC 20 SKU MỚI.txt,5a5078e4ebc1f85e
B5/CS/SINHLUC,FML-B5-G1,G1,8,NUTRITION_BASE,20,3,ING_BI_DO_THAI_HAT_LUU,Bí đỏ thái hạt lựu,33.00,kg,16.92,Nền dinh dưỡng,Nền dinh dưỡng,80,Phần 2 — Nguyên liệu nền dinh dưỡng,CÔNG THỨC 20 SKU MỚI.txt,7d1df493d9e7e3ed
B5/CS/SINHLUC,FML-B5-G1,G1,9,NUTRITION_BASE,20,4,ING_DAU_XANH_KHONG_VO,Đậu xanh không vỏ,29.50,kg,15.13,Nền dinh dưỡng,Nền dinh dưỡng,90,Phần 2 — Nguyên liệu nền dinh dưỡng,CÔNG THỨC 20 SKU MỚI.txt,92b0220324839de1
B5/CS/SINHLUC,FML-B5-G1,G1,10,NUTRITION_BASE,20,5,ING_NAM_KIM_CHAM_CAT_KHUC_20_30_MM,Nấm kim châm cắt khúc 20–30 mm,18.50,kg,9.49,Nền dinh dưỡng,Nền dinh dưỡng,100,Phần 2 — Nguyên liệu nền dinh dưỡng,CÔNG THỨC 20 SKU MỚI.txt,1894f4e5ea0f34aa
B5/CS/SINHLUC,FML-B5-G1,G1,11,BROTH_EXTRACT,30,1,ING_TAO_TAU,Táo tàu,4.40,kg,2.26,Chiết dịch nước hầm,Chiết dịch nước hầm,110,Phần 3 — Rau củ chiết dịch tạo nước hầm (dùng chung),CÔNG THỨC 20 SKU MỚI.txt,334f36a0a9125663
B5/CS/SINHLUC,FML-B5-G1,G1,12,BROTH_EXTRACT,30,2,ING_CU_CAI_TRANG_THAI_KHUC,Củ cải trắng thái khúc,49.20,kg,25.23,Chiết dịch nước hầm,Chiết dịch nước hầm,120,Phần 3 — Rau củ chiết dịch tạo nước hầm (dùng chung),CÔNG THỨC 20 SKU MỚI.txt,44a517b0bf61567b
B5/CS/SINHLUC,FML-B5-G1,G1,13,BROTH_EXTRACT,30,3,ING_RONG_BIEN_KOMBU_WAKAME,Rong biển kombu / wakame,7.00,kg,3.59,Chiết dịch nước hầm,Chiết dịch nước hầm,130,Phần 3 — Rau củ chiết dịch tạo nước hầm (dùng chung),CÔNG THỨC 20 SKU MỚI.txt,160c3f5b11fc4ca0
B5/CS/SINHLUC,FML-B5-G1,G1,14,BROTH_EXTRACT,30,4,ING_HANH_TAY_CHE_4,Hành tây chẻ 4,21.30,kg,10.92,Chiết dịch nước hầm,Chiết dịch nước hầm,140,Phần 3 — Rau củ chiết dịch tạo nước hầm (dùng chung),CÔNG THỨC 20 SKU MỚI.txt,6e79c6971bc928ef
B5/CS/SINHLUC,FML-B5-G1,G1,15,BROTH_EXTRACT,30,5,ING_NUOC_DUA_NGUYEN_CHAT,Nước dừa nguyên chất,55.00,lít,28.21,Nền dịch hầm,Nền dịch hầm,150,Phần 3 — Rau củ chiết dịch tạo nước hầm (dùng chung),CÔNG THỨC 20 SKU MỚI.txt,e940e48204c56a24
B5/CS/SINHLUC,FML-B5-G1,G1,16,SEASONING_FLAVOR,40,1,ING_MUOI_BIEN_RANG,Muối biển rang,12.84,kg,6.58,Nêm vị,Nêm vị,160,Phần 4 — Nguyên liệu nêm & tạo hương vị (dùng chung),CÔNG THỨC 20 SKU MỚI.txt,b20275cfba3b0c11
B5/CS/SINHLUC,FML-B5-G1,G1,17,SEASONING_FLAVOR,40,2,ING_TIEU_DEN_RANG,Tiêu đen rang,1.32,kg,0.68,Tạo hương vị,Tạo hương vị,170,Phần 4 — Nguyên liệu nêm & tạo hương vị (dùng chung),CÔNG THỨC 20 SKU MỚI.txt,4d5f10f94e1fddfe
B5/CS/SINHLUC,FML-B5-G1,G1,18,SEASONING_FLAVOR,40,3,ING_TOI_NUONG,Tỏi nướng,0.72,kg,0.37,Tạo hương vị,Tạo hương vị,180,Phần 4 — Nguyên liệu nêm & tạo hương vị (dùng chung),CÔNG THỨC 20 SKU MỚI.txt,5a857fa8bbbda8d6
B5/CS/SINHLUC,FML-B5-G1,G1,19,SEASONING_FLAVOR,40,4,ING_HANH_LA_THAI_KHUC,Hành lá thái khúc,2.19,kg,1.12,Tạo hương vị,Tạo hương vị,190,Phần 4 — Nguyên liệu nêm & tạo hương vị (dùng chung),CÔNG THỨC 20 SKU MỚI.txt,2911a9deb04b7403
B5/CS/SINHLUC,FML-B5-G1,G1,20,SEASONING_FLAVOR,40,5,ING_RE_CAN_TAY_THAI_NHUYEN,Rễ cần tây thái nhuyễn,1.25,kg,0.64,Tạo hương vị,Tạo hương vị,200,Phần 4 — Nguyên liệu nêm & tạo hương vị (dùng chung),CÔNG THỨC 20 SKU MỚI.txt,f3fdecfcf650ee3d
B5/CS/SINHLUC,FML-B5-G1,G1,21,SEASONING_FLAVOR,40,6,ING_MI_CHINH,Mì chính,1.90,kg,0.97,Tạo vị umami,Tạo vị umami,210,Phần 4 — Nguyên liệu nêm & tạo hương vị (dùng chung),CÔNG THỨC 20 SKU MỚI.txt,0c644e10dcd92463
B6/CS/GAAC,FML-B6-G1,G1,1,SPECIAL_SKU_COMPONENT,10,1,HRB_SAM_SAVIGIN,Sâm Savigin,9.00,kg,4.62,Thành phần đặc thù SKU,Thành phần đặc thù SKU,10,Phần 1 — Thành phần đặc thù SKU,CÔNG THỨC 20 SKU MỚI.txt,09ec89e48a954d60
B6/CS/GAAC,FML-B6-G1,G1,2,SPECIAL_SKU_COMPONENT,10,2,ING_GA_AC,Gà ác,15.50,kg,7.95,Thành phần đặc thù SKU,Thành phần đặc thù SKU,20,Phần 1 — Thành phần đặc thù SKU,CÔNG THỨC 20 SKU MỚI.txt,ee717eab9426eb71
B6/CS/GAAC,FML-B6-G1,G1,3,SPECIAL_SKU_COMPONENT,10,3,ING_HOAI_SON,Hoài sơn,15.50,kg,7.95,Thành phần đặc thù SKU,Thành phần đặc thù SKU,30,Phần 1 — Thành phần đặc thù SKU,CÔNG THỨC 20 SKU MỚI.txt,8b9d28b7b4f2bb71
B6/CS/GAAC,FML-B6-G1,G1,4,SPECIAL_SKU_COMPONENT,10,4,ING_KY_TU,Kỷ tử,3.00,kg,1.54,Thành phần đặc thù SKU,Thành phần đặc thù SKU,40,Phần 1 — Thành phần đặc thù SKU,CÔNG THỨC 20 SKU MỚI.txt,97f9edd46017a3ed
B6/CS/GAAC,FML-B6-G1,G1,5,SPECIAL_SKU_COMPONENT,10,5,ING_GUNG_NUONG,Gừng nướng,0.80,kg,0.41,Thành phần đặc thù SKU,Thành phần đặc thù SKU,50,Phần 1 — Thành phần đặc thù SKU,CÔNG THỨC 20 SKU MỚI.txt,f7bf9e3bc15bdc84
B6/CS/GAAC,FML-B6-G1,G1,6,NUTRITION_BASE,20,1,ING_GAO,"Gạo (lúa – tôm, rửa sạch)",195.00,kg,100.00,Nền chính,Nền chính,60,Phần 2 — Nguyên liệu nền dinh dưỡng,CÔNG THỨC 20 SKU MỚI.txt,f091caf6e49bb6fa
B6/CS/GAAC,FML-B6-G1,G1,7,NUTRITION_BASE,20,2,ING_CA_ROT_THAI_HAT_LUU,Cà rốt thái hạt lựu,35.00,kg,17.95,Nền dinh dưỡng,Nền dinh dưỡng,70,Phần 2 — Nguyên liệu nền dinh dưỡng,CÔNG THỨC 20 SKU MỚI.txt,a42ecba86e7849d3
B6/CS/GAAC,FML-B6-G1,G1,8,NUTRITION_BASE,20,3,ING_BI_DO_THAI_HAT_LUU,Bí đỏ thái hạt lựu,33.00,kg,16.92,Nền dinh dưỡng,Nền dinh dưỡng,80,Phần 2 — Nguyên liệu nền dinh dưỡng,CÔNG THỨC 20 SKU MỚI.txt,d24fe5a163cccec1
B6/CS/GAAC,FML-B6-G1,G1,9,NUTRITION_BASE,20,4,ING_DAU_XANH_KHONG_VO,Đậu xanh không vỏ,29.50,kg,15.13,Nền dinh dưỡng,Nền dinh dưỡng,90,Phần 2 — Nguyên liệu nền dinh dưỡng,CÔNG THỨC 20 SKU MỚI.txt,1ec79af5e4c1ae19
B6/CS/GAAC,FML-B6-G1,G1,10,NUTRITION_BASE,20,5,ING_NAM_KIM_CHAM_CAT_KHUC_20_30_MM,Nấm kim châm cắt khúc 20–30 mm,18.50,kg,9.49,Nền dinh dưỡng,Nền dinh dưỡng,100,Phần 2 — Nguyên liệu nền dinh dưỡng,CÔNG THỨC 20 SKU MỚI.txt,625e031ef6b408c6
B6/CS/GAAC,FML-B6-G1,G1,11,BROTH_EXTRACT,30,1,ING_TAO_TAU,Táo tàu,4.40,kg,2.26,Chiết dịch nước hầm,Chiết dịch nước hầm,110,Phần 3 — Rau củ chiết dịch tạo nước hầm (dùng chung),CÔNG THỨC 20 SKU MỚI.txt,5be36fe54186c2b0
B6/CS/GAAC,FML-B6-G1,G1,12,BROTH_EXTRACT,30,2,ING_CU_CAI_TRANG_THAI_KHUC,Củ cải trắng thái khúc,49.20,kg,25.23,Chiết dịch nước hầm,Chiết dịch nước hầm,120,Phần 3 — Rau củ chiết dịch tạo nước hầm (dùng chung),CÔNG THỨC 20 SKU MỚI.txt,0485f16f8ddd4a72
B6/CS/GAAC,FML-B6-G1,G1,13,BROTH_EXTRACT,30,3,ING_RONG_BIEN_KOMBU_WAKAME,Rong biển kombu / wakame,7.00,kg,3.59,Chiết dịch nước hầm,Chiết dịch nước hầm,130,Phần 3 — Rau củ chiết dịch tạo nước hầm (dùng chung),CÔNG THỨC 20 SKU MỚI.txt,6411d6c7405d2ad1
B6/CS/GAAC,FML-B6-G1,G1,14,BROTH_EXTRACT,30,4,ING_HANH_TAY_CHE_4,Hành tây chẻ 4,21.30,kg,10.92,Chiết dịch nước hầm,Chiết dịch nước hầm,140,Phần 3 — Rau củ chiết dịch tạo nước hầm (dùng chung),CÔNG THỨC 20 SKU MỚI.txt,cfe8c5fa41862ef3
B6/CS/GAAC,FML-B6-G1,G1,15,BROTH_EXTRACT,30,5,ING_NUOC_DUA_NGUYEN_CHAT,Nước dừa nguyên chất,55.00,lít,28.21,Nền dịch hầm,Nền dịch hầm,150,Phần 3 — Rau củ chiết dịch tạo nước hầm (dùng chung),CÔNG THỨC 20 SKU MỚI.txt,8de7b0725e77027c
B6/CS/GAAC,FML-B6-G1,G1,16,SEASONING_FLAVOR,40,1,ING_MUOI_BIEN_RANG,Muối biển rang,12.84,kg,6.58,Nêm vị,Nêm vị,160,Phần 4 — Nguyên liệu nêm & tạo hương vị (dùng chung),CÔNG THỨC 20 SKU MỚI.txt,9aa37e4f20676530
B6/CS/GAAC,FML-B6-G1,G1,17,SEASONING_FLAVOR,40,2,ING_TIEU_DEN_RANG,Tiêu đen rang,1.32,kg,0.68,Tạo hương vị,Tạo hương vị,170,Phần 4 — Nguyên liệu nêm & tạo hương vị (dùng chung),CÔNG THỨC 20 SKU MỚI.txt,c6b873a7cba29996
B6/CS/GAAC,FML-B6-G1,G1,18,SEASONING_FLAVOR,40,3,ING_TOI_NUONG,Tỏi nướng,0.72,kg,0.37,Tạo hương vị,Tạo hương vị,180,Phần 4 — Nguyên liệu nêm & tạo hương vị (dùng chung),CÔNG THỨC 20 SKU MỚI.txt,e62588edb67eeed6
B6/CS/GAAC,FML-B6-G1,G1,19,SEASONING_FLAVOR,40,4,ING_HANH_LA_THAI_KHUC,Hành lá thái khúc,2.19,kg,1.12,Tạo hương vị,Tạo hương vị,190,Phần 4 — Nguyên liệu nêm & tạo hương vị (dùng chung),CÔNG THỨC 20 SKU MỚI.txt,6198a0b28e0d89a6
B6/CS/GAAC,FML-B6-G1,G1,20,SEASONING_FLAVOR,40,5,ING_RE_CAN_TAY_THAI_NHUYEN,Rễ cần tây thái nhuyễn,1.25,kg,0.64,Tạo hương vị,Tạo hương vị,200,Phần 4 — Nguyên liệu nêm & tạo hương vị (dùng chung),CÔNG THỨC 20 SKU MỚI.txt,5487e885ec9c44fb
B6/CS/GAAC,FML-B6-G1,G1,21,SEASONING_FLAVOR,40,6,ING_MI_CHINH,Mì chính,1.90,kg,0.97,Tạo vị umami,Tạo vị umami,210,Phần 4 — Nguyên liệu nêm & tạo hương vị (dùng chung),CÔNG THỨC 20 SKU MỚI.txt,6d636814a3e4b81f
C1/CS/BAONGU,FML-C1-G1,G1,1,SPECIAL_SKU_COMPONENT,10,1,ING_SAM_SAVIGIN_POUZOLZIA_ZEYLANICA_BENN,Sâm Savigin – Pouzolzia zeylanica (L.) Benn.,9.00,kg,4.62,"Thái lát, ủ – hấp, rắc bề mặt","Thái lát, ủ – hấp, rắc bề mặt",10,Phần 1 — Thành phần đặc thù SKU,CÔNG THỨC 20 SKU MỚI.txt,f6ebe9fddfd0e781
C1/CS/BAONGU,FML-C1-G1,G1,2,SPECIAL_SKU_COMPONENT,10,2,ING_BAO_NGU_HALIOTIS_SPP,Bào ngư – Haliotis spp.,15.50,kg,7.95,"Hấp chín, rắc bề mặt","Hấp chín, rắc bề mặt",20,Phần 1 — Thành phần đặc thù SKU,CÔNG THỨC 20 SKU MỚI.txt,4596b4eaba72f4ea
C1/CS/BAONGU,FML-C1-G1,G1,3,SPECIAL_SKU_COMPONENT,10,3,ING_HOAI_SON_DIOSCOREA_OPPOSITA,Hoài sơn – Dioscorea opposita,15.50,kg,7.95,Thành phần đặc thù SKU,Thành phần đặc thù SKU,30,Phần 1 — Thành phần đặc thù SKU,CÔNG THỨC 20 SKU MỚI.txt,2e37fa14cdf80fff
C1/CS/BAONGU,FML-C1-G1,G1,4,SPECIAL_SKU_COMPONENT,10,4,ING_KY_TU_LYCIUM_BARBARUM,Kỷ tử – Lycium barbarum,3.00,kg,1.54,Thành phần đặc thù SKU,Thành phần đặc thù SKU,40,Phần 1 — Thành phần đặc thù SKU,CÔNG THỨC 20 SKU MỚI.txt,f8157d4e2925f78e
C1/CS/BAONGU,FML-C1-G1,G1,5,SPECIAL_SKU_COMPONENT,10,5,ING_GUNG_NUONG_ZINGIBER_OFFICINALE,Gừng nướng – Zingiber officinale,0.80,kg,0.41,Thành phần đặc thù SKU,Thành phần đặc thù SKU,50,Phần 1 — Thành phần đặc thù SKU,CÔNG THỨC 20 SKU MỚI.txt,9b278280499f575c
C1/CS/BAONGU,FML-C1-G1,G1,6,NUTRITION_BASE,20,1,ING_GAO,"Gạo (lúa – tôm, rửa sạch)",195.00,kg,100.00,Nền chính,Nền chính,60,Phần 2 — Nguyên liệu nền dinh dưỡng,CÔNG THỨC 20 SKU MỚI.txt,908fc12bb7f61152
C1/CS/BAONGU,FML-C1-G1,G1,7,NUTRITION_BASE,20,2,ING_CA_ROT_THAI_HAT_LUU,Cà rốt thái hạt lựu,35.00,kg,17.95,Nền dinh dưỡng,Nền dinh dưỡng,70,Phần 2 — Nguyên liệu nền dinh dưỡng,CÔNG THỨC 20 SKU MỚI.txt,b3a7cb16ef55d30f
C1/CS/BAONGU,FML-C1-G1,G1,8,NUTRITION_BASE,20,3,ING_BI_DO_THAI_HAT_LUU,Bí đỏ thái hạt lựu,33.00,kg,16.92,Nền dinh dưỡng,Nền dinh dưỡng,80,Phần 2 — Nguyên liệu nền dinh dưỡng,CÔNG THỨC 20 SKU MỚI.txt,82a08d0123c90a32
C1/CS/BAONGU,FML-C1-G1,G1,9,NUTRITION_BASE,20,4,ING_DAU_XANH_KHONG_VO,Đậu xanh không vỏ,29.50,kg,15.13,Nền dinh dưỡng,Nền dinh dưỡng,90,Phần 2 — Nguyên liệu nền dinh dưỡng,CÔNG THỨC 20 SKU MỚI.txt,f616817f9b170aad
C1/CS/BAONGU,FML-C1-G1,G1,10,NUTRITION_BASE,20,5,ING_NAM_KIM_CHAM_CAT_KHUC_20_30_MM,Nấm kim châm cắt khúc 20–30 mm,18.50,kg,9.49,Nền dinh dưỡng,Nền dinh dưỡng,100,Phần 2 — Nguyên liệu nền dinh dưỡng,CÔNG THỨC 20 SKU MỚI.txt,5640252d12d3f7f3
C1/CS/BAONGU,FML-C1-G1,G1,11,BROTH_EXTRACT,30,1,ING_TAO_TAU,Táo tàu,4.40,kg,2.26,Chiết dịch nước hầm,Chiết dịch nước hầm,110,Phần 3 — Rau củ chiết dịch tạo nước hầm (dùng chung),CÔNG THỨC 20 SKU MỚI.txt,9005107c6a3a86b8
C1/CS/BAONGU,FML-C1-G1,G1,12,BROTH_EXTRACT,30,2,ING_CU_CAI_TRANG_THAI_KHUC,Củ cải trắng thái khúc,49.20,kg,25.23,Chiết dịch nước hầm,Chiết dịch nước hầm,120,Phần 3 — Rau củ chiết dịch tạo nước hầm (dùng chung),CÔNG THỨC 20 SKU MỚI.txt,89c2c6c9006a70bf
C1/CS/BAONGU,FML-C1-G1,G1,13,BROTH_EXTRACT,30,3,ING_RONG_BIEN_KOMBU_WAKAME,Rong biển kombu / wakame,7.00,kg,3.59,Chiết dịch nước hầm,Chiết dịch nước hầm,130,Phần 3 — Rau củ chiết dịch tạo nước hầm (dùng chung),CÔNG THỨC 20 SKU MỚI.txt,2d9726ca8e0b60a6
C1/CS/BAONGU,FML-C1-G1,G1,14,BROTH_EXTRACT,30,4,ING_HANH_TAY_CHE_4,Hành tây chẻ 4,21.30,kg,10.92,Chiết dịch nước hầm,Chiết dịch nước hầm,140,Phần 3 — Rau củ chiết dịch tạo nước hầm (dùng chung),CÔNG THỨC 20 SKU MỚI.txt,e3939505557ddcb4
C1/CS/BAONGU,FML-C1-G1,G1,15,BROTH_EXTRACT,30,5,ING_NUOC_DUA_NGUYEN_CHAT,Nước dừa nguyên chất,55.00,lít,28.21,Nền dịch hầm,Nền dịch hầm,150,Phần 3 — Rau củ chiết dịch tạo nước hầm (dùng chung),CÔNG THỨC 20 SKU MỚI.txt,b58e5c271ef794b5
C1/CS/BAONGU,FML-C1-G1,G1,16,SEASONING_FLAVOR,40,1,ING_MUOI_BIEN_RANG,Muối biển rang,12.84,kg,6.58,Nêm vị,Nêm vị,160,Phần 4 — Nguyên liệu nêm & tạo hương vị (dùng chung),CÔNG THỨC 20 SKU MỚI.txt,fdf0f471a0fc3237
C1/CS/BAONGU,FML-C1-G1,G1,17,SEASONING_FLAVOR,40,2,ING_TIEU_DEN_RANG,Tiêu đen rang,1.32,kg,0.68,Tạo hương vị,Tạo hương vị,170,Phần 4 — Nguyên liệu nêm & tạo hương vị (dùng chung),CÔNG THỨC 20 SKU MỚI.txt,1ec0e8e4bcf61809
C1/CS/BAONGU,FML-C1-G1,G1,18,SEASONING_FLAVOR,40,3,ING_TOI_NUONG,Tỏi nướng,0.72,kg,0.37,Tạo hương vị,Tạo hương vị,180,Phần 4 — Nguyên liệu nêm & tạo hương vị (dùng chung),CÔNG THỨC 20 SKU MỚI.txt,372a0a1bfe95304b
C1/CS/BAONGU,FML-C1-G1,G1,19,SEASONING_FLAVOR,40,4,ING_HANH_LA_THAI_KHUC,Hành lá thái khúc,2.19,kg,1.12,Tạo hương vị,Tạo hương vị,190,Phần 4 — Nguyên liệu nêm & tạo hương vị (dùng chung),CÔNG THỨC 20 SKU MỚI.txt,7442dafc64b3f872
C1/CS/BAONGU,FML-C1-G1,G1,20,SEASONING_FLAVOR,40,5,ING_RE_CAN_TAY_THAI_NHUYEN,Rễ cần tây thái nhuyễn,1.25,kg,0.64,Tạo hương vị,Tạo hương vị,200,Phần 4 — Nguyên liệu nêm & tạo hương vị (dùng chung),CÔNG THỨC 20 SKU MỚI.txt,1da1ec4143498f69
C1/CS/BAONGU,FML-C1-G1,G1,21,SEASONING_FLAVOR,40,6,ING_MI_CHINH,Mì chính,1.90,kg,0.97,Tạo vị umami,Tạo vị umami,210,Phần 4 — Nguyên liệu nêm & tạo hương vị (dùng chung),CÔNG THỨC 20 SKU MỚI.txt,4f0351f1daa14d9f
C2/CS/DONGTRUNG,FML-C2-G1,G1,1,SPECIAL_SKU_COMPONENT,10,1,HRB_SAM_SAVIGIN,Sâm Savigin,9.00,kg,4.62,Thành phần đặc thù SKU,Thành phần đặc thù SKU,10,Phần 1 — Thành phần đặc thù SKU,CÔNG THỨC 20 SKU MỚI.txt,e5134a532d05db72
C2/CS/DONGTRUNG,FML-C2-G1,G1,2,SPECIAL_SKU_COMPONENT,10,2,ING_DONG_TRUNG_HA_THAO,Đông trùng hạ thảo,15.50,kg,7.95,Thành phần đặc thù SKU,Thành phần đặc thù SKU,20,Phần 1 — Thành phần đặc thù SKU,CÔNG THỨC 20 SKU MỚI.txt,5f5c11d719b64c9d
C2/CS/DONGTRUNG,FML-C2-G1,G1,3,SPECIAL_SKU_COMPONENT,10,3,ING_HOAI_SON,Hoài sơn,15.50,kg,7.95,Thành phần đặc thù SKU,Thành phần đặc thù SKU,30,Phần 1 — Thành phần đặc thù SKU,CÔNG THỨC 20 SKU MỚI.txt,87b560b2e829a278
C2/CS/DONGTRUNG,FML-C2-G1,G1,4,SPECIAL_SKU_COMPONENT,10,4,ING_KY_TU,Kỷ tử,3.00,kg,1.54,Thành phần đặc thù SKU,Thành phần đặc thù SKU,40,Phần 1 — Thành phần đặc thù SKU,CÔNG THỨC 20 SKU MỚI.txt,eb3e83a4fdc201d5
C2/CS/DONGTRUNG,FML-C2-G1,G1,5,SPECIAL_SKU_COMPONENT,10,5,ING_GUNG_NUONG,Gừng nướng,0.80,kg,0.41,Thành phần đặc thù SKU,Thành phần đặc thù SKU,50,Phần 1 — Thành phần đặc thù SKU,CÔNG THỨC 20 SKU MỚI.txt,28db7a871fa18e49
C2/CS/DONGTRUNG,FML-C2-G1,G1,6,NUTRITION_BASE,20,1,ING_GAO,"Gạo (lúa – tôm, rửa sạch)",195.00,kg,100.00,Nền chính,Nền chính,60,Phần 2 — Nguyên liệu nền dinh dưỡng,CÔNG THỨC 20 SKU MỚI.txt,a63d288b3883a9ba
C2/CS/DONGTRUNG,FML-C2-G1,G1,7,NUTRITION_BASE,20,2,ING_CA_ROT_THAI_HAT_LUU,Cà rốt thái hạt lựu,35.00,kg,17.95,Nền dinh dưỡng,Nền dinh dưỡng,70,Phần 2 — Nguyên liệu nền dinh dưỡng,CÔNG THỨC 20 SKU MỚI.txt,16558586f878b942
C2/CS/DONGTRUNG,FML-C2-G1,G1,8,NUTRITION_BASE,20,3,ING_BI_DO_THAI_HAT_LUU,Bí đỏ thái hạt lựu,33.00,kg,16.92,Nền dinh dưỡng,Nền dinh dưỡng,80,Phần 2 — Nguyên liệu nền dinh dưỡng,CÔNG THỨC 20 SKU MỚI.txt,6b73f7792f13dccc
C2/CS/DONGTRUNG,FML-C2-G1,G1,9,NUTRITION_BASE,20,4,ING_DAU_XANH_KHONG_VO,Đậu xanh không vỏ,29.50,kg,15.13,Nền dinh dưỡng,Nền dinh dưỡng,90,Phần 2 — Nguyên liệu nền dinh dưỡng,CÔNG THỨC 20 SKU MỚI.txt,8bbc512f3883505e
C2/CS/DONGTRUNG,FML-C2-G1,G1,10,NUTRITION_BASE,20,5,ING_NAM_KIM_CHAM_CAT_KHUC_20_30_MM,Nấm kim châm cắt khúc 20–30 mm,18.50,kg,9.49,Nền dinh dưỡng,Nền dinh dưỡng,100,Phần 2 — Nguyên liệu nền dinh dưỡng,CÔNG THỨC 20 SKU MỚI.txt,47a5fbcd6798637f
C2/CS/DONGTRUNG,FML-C2-G1,G1,11,BROTH_EXTRACT,30,1,ING_TAO_TAU,Táo tàu,4.40,kg,2.26,Chiết dịch nước hầm,Chiết dịch nước hầm,110,Phần 3 — Rau củ chiết dịch tạo nước hầm (dùng chung),CÔNG THỨC 20 SKU MỚI.txt,c9032890cd55b5aa
C2/CS/DONGTRUNG,FML-C2-G1,G1,12,BROTH_EXTRACT,30,2,ING_CU_CAI_TRANG_THAI_KHUC,Củ cải trắng thái khúc,49.20,kg,25.23,Chiết dịch nước hầm,Chiết dịch nước hầm,120,Phần 3 — Rau củ chiết dịch tạo nước hầm (dùng chung),CÔNG THỨC 20 SKU MỚI.txt,804137397d75177f
C2/CS/DONGTRUNG,FML-C2-G1,G1,13,BROTH_EXTRACT,30,3,ING_RONG_BIEN_KOMBU_WAKAME,Rong biển kombu / wakame,7.00,kg,3.59,Chiết dịch nước hầm,Chiết dịch nước hầm,130,Phần 3 — Rau củ chiết dịch tạo nước hầm (dùng chung),CÔNG THỨC 20 SKU MỚI.txt,0800e0e91953c7dc
C2/CS/DONGTRUNG,FML-C2-G1,G1,14,BROTH_EXTRACT,30,4,ING_HANH_TAY_CHE_4,Hành tây chẻ 4,21.30,kg,10.92,Chiết dịch nước hầm,Chiết dịch nước hầm,140,Phần 3 — Rau củ chiết dịch tạo nước hầm (dùng chung),CÔNG THỨC 20 SKU MỚI.txt,17a8da11f73f61a4
C2/CS/DONGTRUNG,FML-C2-G1,G1,15,BROTH_EXTRACT,30,5,ING_NUOC_DUA_NGUYEN_CHAT,Nước dừa nguyên chất,55.00,lít,28.21,Nền dịch hầm,Nền dịch hầm,150,Phần 3 — Rau củ chiết dịch tạo nước hầm (dùng chung),CÔNG THỨC 20 SKU MỚI.txt,dcd036eb48c52e01
C2/CS/DONGTRUNG,FML-C2-G1,G1,16,SEASONING_FLAVOR,40,1,ING_MUOI_BIEN_RANG,Muối biển rang,12.84,kg,6.58,Nêm vị,Nêm vị,160,Phần 4 — Nguyên liệu nêm & tạo hương vị (dùng chung),CÔNG THỨC 20 SKU MỚI.txt,e166e1e9bf1833c2
C2/CS/DONGTRUNG,FML-C2-G1,G1,17,SEASONING_FLAVOR,40,2,ING_TIEU_DEN_RANG,Tiêu đen rang,1.32,kg,0.68,Tạo hương vị,Tạo hương vị,170,Phần 4 — Nguyên liệu nêm & tạo hương vị (dùng chung),CÔNG THỨC 20 SKU MỚI.txt,55cb4fde298cd80e
C2/CS/DONGTRUNG,FML-C2-G1,G1,18,SEASONING_FLAVOR,40,3,ING_TOI_NUONG,Tỏi nướng,0.72,kg,0.37,Tạo hương vị,Tạo hương vị,180,Phần 4 — Nguyên liệu nêm & tạo hương vị (dùng chung),CÔNG THỨC 20 SKU MỚI.txt,cf67bd95825844b3
C2/CS/DONGTRUNG,FML-C2-G1,G1,19,SEASONING_FLAVOR,40,4,ING_HANH_LA_THAI_KHUC,Hành lá thái khúc,2.19,kg,1.12,Tạo hương vị,Tạo hương vị,190,Phần 4 — Nguyên liệu nêm & tạo hương vị (dùng chung),CÔNG THỨC 20 SKU MỚI.txt,a568ac50ef33012a
C2/CS/DONGTRUNG,FML-C2-G1,G1,20,SEASONING_FLAVOR,40,5,ING_RE_CAN_TAY_THAI_NHUYEN,Rễ cần tây thái nhuyễn,1.25,kg,0.64,Tạo hương vị,Tạo hương vị,200,Phần 4 — Nguyên liệu nêm & tạo hương vị (dùng chung),CÔNG THỨC 20 SKU MỚI.txt,d7001444cb010698
C2/CS/DONGTRUNG,FML-C2-G1,G1,21,SEASONING_FLAVOR,40,6,ING_MI_CHINH,Mì chính,1.90,kg,0.97,Tạo vị umami,Tạo vị umami,210,Phần 4 — Nguyên liệu nêm & tạo hương vị (dùng chung),CÔNG THỨC 20 SKU MỚI.txt,91c8f4035ea18c4d
C3/CS/NAMDONGCO,FML-C3-G1,G1,1,SPECIAL_SKU_COMPONENT,10,1,HRB_SAM_SAVIGIN,Sâm Savigin,9.00,kg,4.62,Thành phần đặc thù SKU,Thành phần đặc thù SKU,10,Phần 1 — Thành phần đặc thù SKU,CÔNG THỨC 20 SKU MỚI.txt,a0038c99e8f7a45a
C3/CS/NAMDONGCO,FML-C3-G1,G1,2,SPECIAL_SKU_COMPONENT,10,2,ING_NAM_DONG_CO,Nấm đông cô,15.50,kg,7.95,Thành phần đặc thù SKU,Thành phần đặc thù SKU,20,Phần 1 — Thành phần đặc thù SKU,CÔNG THỨC 20 SKU MỚI.txt,5f5fb8ece0812eca
C3/CS/NAMDONGCO,FML-C3-G1,G1,3,SPECIAL_SKU_COMPONENT,10,3,ING_HOAI_SON,Hoài sơn,15.50,kg,7.95,Thành phần đặc thù SKU,Thành phần đặc thù SKU,30,Phần 1 — Thành phần đặc thù SKU,CÔNG THỨC 20 SKU MỚI.txt,920722d37318b4f6
C3/CS/NAMDONGCO,FML-C3-G1,G1,4,SPECIAL_SKU_COMPONENT,10,4,ING_KY_TU,Kỷ tử,3.00,kg,1.54,Thành phần đặc thù SKU,Thành phần đặc thù SKU,40,Phần 1 — Thành phần đặc thù SKU,CÔNG THỨC 20 SKU MỚI.txt,8519408020835934
C3/CS/NAMDONGCO,FML-C3-G1,G1,5,SPECIAL_SKU_COMPONENT,10,5,ING_GUNG_NUONG,Gừng nướng,0.80,kg,0.41,Thành phần đặc thù SKU,Thành phần đặc thù SKU,50,Phần 1 — Thành phần đặc thù SKU,CÔNG THỨC 20 SKU MỚI.txt,46dad404dcb30e49
C3/CS/NAMDONGCO,FML-C3-G1,G1,6,NUTRITION_BASE,20,1,ING_GAO,"Gạo (lúa – tôm, rửa sạch)",195.00,kg,100.00,Nền chính,Nền chính,60,Phần 2 — Nguyên liệu nền dinh dưỡng,CÔNG THỨC 20 SKU MỚI.txt,d31f0e9092951f22
C3/CS/NAMDONGCO,FML-C3-G1,G1,7,NUTRITION_BASE,20,2,ING_CA_ROT_THAI_HAT_LUU,Cà rốt thái hạt lựu,35.00,kg,17.95,Nền dinh dưỡng,Nền dinh dưỡng,70,Phần 2 — Nguyên liệu nền dinh dưỡng,CÔNG THỨC 20 SKU MỚI.txt,e6eb344363bd28bb
C3/CS/NAMDONGCO,FML-C3-G1,G1,8,NUTRITION_BASE,20,3,ING_BI_DO_THAI_HAT_LUU,Bí đỏ thái hạt lựu,33.00,kg,16.92,Nền dinh dưỡng,Nền dinh dưỡng,80,Phần 2 — Nguyên liệu nền dinh dưỡng,CÔNG THỨC 20 SKU MỚI.txt,67d2d26039080234
C3/CS/NAMDONGCO,FML-C3-G1,G1,9,NUTRITION_BASE,20,4,ING_DAU_XANH_KHONG_VO,Đậu xanh không vỏ,29.50,kg,15.13,Nền dinh dưỡng,Nền dinh dưỡng,90,Phần 2 — Nguyên liệu nền dinh dưỡng,CÔNG THỨC 20 SKU MỚI.txt,1161612f024e723a
C3/CS/NAMDONGCO,FML-C3-G1,G1,10,NUTRITION_BASE,20,5,ING_NAM_KIM_CHAM_CAT_KHUC_20_30_MM,Nấm kim châm cắt khúc 20–30 mm,18.50,kg,9.49,Nền dinh dưỡng,Nền dinh dưỡng,100,Phần 2 — Nguyên liệu nền dinh dưỡng,CÔNG THỨC 20 SKU MỚI.txt,1e055fc9828fe189
C3/CS/NAMDONGCO,FML-C3-G1,G1,11,BROTH_EXTRACT,30,1,ING_TAO_TAU,Táo tàu,4.40,kg,2.26,Chiết dịch nước hầm,Chiết dịch nước hầm,110,Phần 3 — Rau củ chiết dịch tạo nước hầm (dùng chung),CÔNG THỨC 20 SKU MỚI.txt,29807ab88650edb1
C3/CS/NAMDONGCO,FML-C3-G1,G1,12,BROTH_EXTRACT,30,2,ING_CU_CAI_TRANG_THAI_KHUC,Củ cải trắng thái khúc,49.20,kg,25.23,Chiết dịch nước hầm,Chiết dịch nước hầm,120,Phần 3 — Rau củ chiết dịch tạo nước hầm (dùng chung),CÔNG THỨC 20 SKU MỚI.txt,45612bb1f068006b
C3/CS/NAMDONGCO,FML-C3-G1,G1,13,BROTH_EXTRACT,30,3,ING_RONG_BIEN_KOMBU_WAKAME,Rong biển kombu / wakame,7.00,kg,3.59,Chiết dịch nước hầm,Chiết dịch nước hầm,130,Phần 3 — Rau củ chiết dịch tạo nước hầm (dùng chung),CÔNG THỨC 20 SKU MỚI.txt,003386de20e0dc2c
C3/CS/NAMDONGCO,FML-C3-G1,G1,14,BROTH_EXTRACT,30,4,ING_HANH_TAY_CHE_4,Hành tây chẻ 4,21.30,kg,10.92,Chiết dịch nước hầm,Chiết dịch nước hầm,140,Phần 3 — Rau củ chiết dịch tạo nước hầm (dùng chung),CÔNG THỨC 20 SKU MỚI.txt,f66d0477206fa904
C3/CS/NAMDONGCO,FML-C3-G1,G1,15,BROTH_EXTRACT,30,5,ING_NUOC_DUA_NGUYEN_CHAT,Nước dừa nguyên chất,55.00,lít,28.21,Nền dịch hầm,Nền dịch hầm,150,Phần 3 — Rau củ chiết dịch tạo nước hầm (dùng chung),CÔNG THỨC 20 SKU MỚI.txt,cf30f5f309a1777d
C3/CS/NAMDONGCO,FML-C3-G1,G1,16,SEASONING_FLAVOR,40,1,ING_MUOI_BIEN_RANG,Muối biển rang,12.84,kg,6.58,Nêm vị,Nêm vị,160,Phần 4 — Nguyên liệu nêm & tạo hương vị (dùng chung),CÔNG THỨC 20 SKU MỚI.txt,dd51aab21d51c050
C3/CS/NAMDONGCO,FML-C3-G1,G1,17,SEASONING_FLAVOR,40,2,ING_TIEU_DEN_RANG,Tiêu đen rang,1.32,kg,0.68,Tạo hương vị,Tạo hương vị,170,Phần 4 — Nguyên liệu nêm & tạo hương vị (dùng chung),CÔNG THỨC 20 SKU MỚI.txt,1cf63f433b99ac74
C3/CS/NAMDONGCO,FML-C3-G1,G1,18,SEASONING_FLAVOR,40,3,ING_TOI_NUONG,Tỏi nướng,0.72,kg,0.37,Tạo hương vị,Tạo hương vị,180,Phần 4 — Nguyên liệu nêm & tạo hương vị (dùng chung),CÔNG THỨC 20 SKU MỚI.txt,9141a80ae9f96546
C3/CS/NAMDONGCO,FML-C3-G1,G1,19,SEASONING_FLAVOR,40,4,ING_HANH_LA_THAI_KHUC,Hành lá thái khúc,2.19,kg,1.12,Tạo hương vị,Tạo hương vị,190,Phần 4 — Nguyên liệu nêm & tạo hương vị (dùng chung),CÔNG THỨC 20 SKU MỚI.txt,f9d91a0e60b15d04
C3/CS/NAMDONGCO,FML-C3-G1,G1,20,SEASONING_FLAVOR,40,5,ING_RE_CAN_TAY_THAI_NHUYEN,Rễ cần tây thái nhuyễn,1.25,kg,0.64,Tạo hương vị,Tạo hương vị,200,Phần 4 — Nguyên liệu nêm & tạo hương vị (dùng chung),CÔNG THỨC 20 SKU MỚI.txt,7380aa7e90e5f9ac
C3/CS/NAMDONGCO,FML-C3-G1,G1,21,SEASONING_FLAVOR,40,6,ING_MI_CHINH,Mì chính,1.90,kg,0.97,Tạo vị umami,Tạo vị umami,210,Phần 4 — Nguyên liệu nêm & tạo hương vị (dùng chung),CÔNG THỨC 20 SKU MỚI.txt,d990dab5c9f0b61a
C4/CS/CUABIEN,FML-C4-G1,G1,1,SPECIAL_SKU_COMPONENT,10,1,HRB_SAM_SAVIGIN,Sâm Savigin,9.00,kg,4.62,Thành phần đặc thù SKU,Thành phần đặc thù SKU,10,Phần 1 — Thành phần đặc thù SKU,CÔNG THỨC 20 SKU MỚI.txt,2feae13dd51ff591
C4/CS/CUABIEN,FML-C4-G1,G1,2,SPECIAL_SKU_COMPONENT,10,2,ING_CUA_BIEN,Cua biển,15.50,kg,7.95,Thành phần đặc thù SKU,Thành phần đặc thù SKU,20,Phần 1 — Thành phần đặc thù SKU,CÔNG THỨC 20 SKU MỚI.txt,8eba1c82cc107fd3
C4/CS/CUABIEN,FML-C4-G1,G1,3,SPECIAL_SKU_COMPONENT,10,3,ING_HOAI_SON,Hoài sơn,15.50,kg,7.95,Thành phần đặc thù SKU,Thành phần đặc thù SKU,30,Phần 1 — Thành phần đặc thù SKU,CÔNG THỨC 20 SKU MỚI.txt,7a28312e2c2f9844
C4/CS/CUABIEN,FML-C4-G1,G1,4,SPECIAL_SKU_COMPONENT,10,4,ING_KY_TU,Kỷ tử,3.00,kg,1.54,Thành phần đặc thù SKU,Thành phần đặc thù SKU,40,Phần 1 — Thành phần đặc thù SKU,CÔNG THỨC 20 SKU MỚI.txt,34af392a6af93447
C4/CS/CUABIEN,FML-C4-G1,G1,5,SPECIAL_SKU_COMPONENT,10,5,ING_GUNG_NUONG,Gừng nướng,0.80,kg,0.41,Thành phần đặc thù SKU,Thành phần đặc thù SKU,50,Phần 1 — Thành phần đặc thù SKU,CÔNG THỨC 20 SKU MỚI.txt,041d1d40f0c0d864
C4/CS/CUABIEN,FML-C4-G1,G1,6,NUTRITION_BASE,20,1,ING_GAO,"Gạo (lúa – tôm, rửa sạch)",195.00,kg,100.00,Nền chính,Nền chính,60,Phần 2 — Nguyên liệu nền dinh dưỡng,CÔNG THỨC 20 SKU MỚI.txt,025e2554bc32a7fd
C4/CS/CUABIEN,FML-C4-G1,G1,7,NUTRITION_BASE,20,2,ING_CA_ROT_THAI_HAT_LUU,Cà rốt thái hạt lựu,35.00,kg,17.95,Nền dinh dưỡng,Nền dinh dưỡng,70,Phần 2 — Nguyên liệu nền dinh dưỡng,CÔNG THỨC 20 SKU MỚI.txt,20a29ccb4ca129d4
C4/CS/CUABIEN,FML-C4-G1,G1,8,NUTRITION_BASE,20,3,ING_BI_DO_THAI_HAT_LUU,Bí đỏ thái hạt lựu,33.00,kg,16.92,Nền dinh dưỡng,Nền dinh dưỡng,80,Phần 2 — Nguyên liệu nền dinh dưỡng,CÔNG THỨC 20 SKU MỚI.txt,e50e340eb0fbde1a
C4/CS/CUABIEN,FML-C4-G1,G1,9,NUTRITION_BASE,20,4,ING_DAU_XANH_KHONG_VO,Đậu xanh không vỏ,29.50,kg,15.13,Nền dinh dưỡng,Nền dinh dưỡng,90,Phần 2 — Nguyên liệu nền dinh dưỡng,CÔNG THỨC 20 SKU MỚI.txt,1cd08b0f1e5415f1
C4/CS/CUABIEN,FML-C4-G1,G1,10,NUTRITION_BASE,20,5,ING_NAM_KIM_CHAM_CAT_KHUC_20_30_MM,Nấm kim châm cắt khúc 20–30 mm,18.50,kg,9.49,Nền dinh dưỡng,Nền dinh dưỡng,100,Phần 2 — Nguyên liệu nền dinh dưỡng,CÔNG THỨC 20 SKU MỚI.txt,f6e99d016bd78892
C4/CS/CUABIEN,FML-C4-G1,G1,11,BROTH_EXTRACT,30,1,ING_TAO_TAU,Táo tàu,4.40,kg,2.26,Chiết dịch nước hầm,Chiết dịch nước hầm,110,Phần 3 — Rau củ chiết dịch tạo nước hầm (dùng chung),CÔNG THỨC 20 SKU MỚI.txt,f901db7c591dd596
C4/CS/CUABIEN,FML-C4-G1,G1,12,BROTH_EXTRACT,30,2,ING_CU_CAI_TRANG_THAI_KHUC,Củ cải trắng thái khúc,49.20,kg,25.23,Chiết dịch nước hầm,Chiết dịch nước hầm,120,Phần 3 — Rau củ chiết dịch tạo nước hầm (dùng chung),CÔNG THỨC 20 SKU MỚI.txt,0c1994f9daa1c039
C4/CS/CUABIEN,FML-C4-G1,G1,13,BROTH_EXTRACT,30,3,ING_RONG_BIEN_KOMBU_WAKAME,Rong biển kombu / wakame,7.00,kg,3.59,Chiết dịch nước hầm,Chiết dịch nước hầm,130,Phần 3 — Rau củ chiết dịch tạo nước hầm (dùng chung),CÔNG THỨC 20 SKU MỚI.txt,2c3023f30f9375bc
C4/CS/CUABIEN,FML-C4-G1,G1,14,BROTH_EXTRACT,30,4,ING_HANH_TAY_CHE_4,Hành tây chẻ 4,21.30,kg,10.92,Chiết dịch nước hầm,Chiết dịch nước hầm,140,Phần 3 — Rau củ chiết dịch tạo nước hầm (dùng chung),CÔNG THỨC 20 SKU MỚI.txt,9c78c4961f158142
C4/CS/CUABIEN,FML-C4-G1,G1,15,BROTH_EXTRACT,30,5,ING_NUOC_DUA_NGUYEN_CHAT,Nước dừa nguyên chất,55.00,lít,28.21,Nền dịch hầm,Nền dịch hầm,150,Phần 3 — Rau củ chiết dịch tạo nước hầm (dùng chung),CÔNG THỨC 20 SKU MỚI.txt,dd71bbb9415120f0
C4/CS/CUABIEN,FML-C4-G1,G1,16,SEASONING_FLAVOR,40,1,ING_MUOI_BIEN_RANG,Muối biển rang,12.84,kg,6.58,Nêm vị,Nêm vị,160,Phần 4 — Nguyên liệu nêm & tạo hương vị (dùng chung),CÔNG THỨC 20 SKU MỚI.txt,0afad8d6a2bbc0ed
C4/CS/CUABIEN,FML-C4-G1,G1,17,SEASONING_FLAVOR,40,2,ING_TIEU_DEN_RANG,Tiêu đen rang,1.32,kg,0.68,Tạo hương vị,Tạo hương vị,170,Phần 4 — Nguyên liệu nêm & tạo hương vị (dùng chung),CÔNG THỨC 20 SKU MỚI.txt,758dbfadb8e2d085
C4/CS/CUABIEN,FML-C4-G1,G1,18,SEASONING_FLAVOR,40,3,ING_TOI_NUONG,Tỏi nướng,0.72,kg,0.37,Tạo hương vị,Tạo hương vị,180,Phần 4 — Nguyên liệu nêm & tạo hương vị (dùng chung),CÔNG THỨC 20 SKU MỚI.txt,77e482c7755851f5
C4/CS/CUABIEN,FML-C4-G1,G1,19,SEASONING_FLAVOR,40,4,ING_HANH_LA_THAI_KHUC,Hành lá thái khúc,2.19,kg,1.12,Tạo hương vị,Tạo hương vị,190,Phần 4 — Nguyên liệu nêm & tạo hương vị (dùng chung),CÔNG THỨC 20 SKU MỚI.txt,48d673c07ae12a4f
C4/CS/CUABIEN,FML-C4-G1,G1,20,SEASONING_FLAVOR,40,5,ING_RE_CAN_TAY_THAI_NHUYEN,Rễ cần tây thái nhuyễn,1.25,kg,0.64,Tạo hương vị,Tạo hương vị,200,Phần 4 — Nguyên liệu nêm & tạo hương vị (dùng chung),CÔNG THỨC 20 SKU MỚI.txt,a82bfb460d60a933
C4/CS/CUABIEN,FML-C4-G1,G1,21,SEASONING_FLAVOR,40,6,ING_MI_CHINH,Mì chính,1.90,kg,0.97,Tạo vị umami,Tạo vị umami,210,Phần 4 — Nguyên liệu nêm & tạo hương vị (dùng chung),CÔNG THỨC 20 SKU MỚI.txt,3ed590176098c81e
C5/CS/CANGU,FML-C5-G1,G1,1,SPECIAL_SKU_COMPONENT,10,1,HRB_SAM_SAVIGIN,Sâm Savigin,9.00,kg,4.62,Thành phần đặc thù SKU,Thành phần đặc thù SKU,10,Phần 1 — Thành phần đặc thù SKU,CÔNG THỨC 20 SKU MỚI.txt,e0e1000787c34377
C5/CS/CANGU,FML-C5-G1,G1,2,SPECIAL_SKU_COMPONENT,10,2,ING_CA_NGU,Cá ngừ,15.50,kg,7.95,Thành phần đặc thù SKU,Thành phần đặc thù SKU,20,Phần 1 — Thành phần đặc thù SKU,CÔNG THỨC 20 SKU MỚI.txt,c954f9efc682b522
C5/CS/CANGU,FML-C5-G1,G1,3,SPECIAL_SKU_COMPONENT,10,3,ING_HOAI_SON,Hoài sơn,15.50,kg,7.95,Thành phần đặc thù SKU,Thành phần đặc thù SKU,30,Phần 1 — Thành phần đặc thù SKU,CÔNG THỨC 20 SKU MỚI.txt,33f72306a787db75
C5/CS/CANGU,FML-C5-G1,G1,4,SPECIAL_SKU_COMPONENT,10,4,ING_BACH_LINH,Bạch linh,5.00,kg,2.56,Thành phần đặc thù SKU,Thành phần đặc thù SKU,40,Phần 1 — Thành phần đặc thù SKU,CÔNG THỨC 20 SKU MỚI.txt,0d4c8853f251e1cf
C5/CS/CANGU,FML-C5-G1,G1,5,SPECIAL_SKU_COMPONENT,10,5,ING_KY_TU,Kỷ tử,3.00,kg,1.54,Thành phần đặc thù SKU,Thành phần đặc thù SKU,50,Phần 1 — Thành phần đặc thù SKU,CÔNG THỨC 20 SKU MỚI.txt,e4585e0987526dd5
C5/CS/CANGU,FML-C5-G1,G1,6,SPECIAL_SKU_COMPONENT,10,6,ING_TAO_TAU,Táo tàu,4.40,kg,2.26,Thành phần đặc thù SKU,Thành phần đặc thù SKU,60,Phần 1 — Thành phần đặc thù SKU,CÔNG THỨC 20 SKU MỚI.txt,5f83497422e761f6
C5/CS/CANGU,FML-C5-G1,G1,7,SPECIAL_SKU_COMPONENT,10,7,ING_GUNG_NUONG,Gừng nướng,0.80,kg,0.41,Thành phần đặc thù SKU,Thành phần đặc thù SKU,70,Phần 1 — Thành phần đặc thù SKU,CÔNG THỨC 20 SKU MỚI.txt,9e1bc4b9388609b2
C5/CS/CANGU,FML-C5-G1,G1,8,NUTRITION_BASE,20,1,ING_GAO,"Gạo (lúa – tôm, rửa sạch)",195.00,kg,100.00,Nền chính,Nền chính,80,Phần 2 — Nguyên liệu nền dinh dưỡng,CÔNG THỨC 20 SKU MỚI.txt,3d1d9379b1ecea60
C5/CS/CANGU,FML-C5-G1,G1,9,NUTRITION_BASE,20,2,ING_CA_ROT_THAI_HAT_LUU,Cà rốt thái hạt lựu,35.00,kg,17.95,Nền dinh dưỡng,Nền dinh dưỡng,90,Phần 2 — Nguyên liệu nền dinh dưỡng,CÔNG THỨC 20 SKU MỚI.txt,6c50379c9d17b5bc
C5/CS/CANGU,FML-C5-G1,G1,10,NUTRITION_BASE,20,3,ING_BI_DO_THAI_HAT_LUU,Bí đỏ thái hạt lựu,33.00,kg,16.92,Nền dinh dưỡng,Nền dinh dưỡng,100,Phần 2 — Nguyên liệu nền dinh dưỡng,CÔNG THỨC 20 SKU MỚI.txt,2e27bcc5310c6f8b
C5/CS/CANGU,FML-C5-G1,G1,11,NUTRITION_BASE,20,4,ING_DAU_XANH_KHONG_VO,Đậu xanh không vỏ,29.50,kg,15.13,Nền dinh dưỡng,Nền dinh dưỡng,110,Phần 2 — Nguyên liệu nền dinh dưỡng,CÔNG THỨC 20 SKU MỚI.txt,e28971814d7b641c
C5/CS/CANGU,FML-C5-G1,G1,12,NUTRITION_BASE,20,5,ING_NAM_KIM_CHAM_CAT_KHUC_20_30_MM,Nấm kim châm cắt khúc 20–30 mm,18.50,kg,9.49,Nền dinh dưỡng,Nền dinh dưỡng,120,Phần 2 — Nguyên liệu nền dinh dưỡng,CÔNG THỨC 20 SKU MỚI.txt,c5f23106d33df51b
C5/CS/CANGU,FML-C5-G1,G1,13,BROTH_EXTRACT,30,1,ING_TAO_TAU_DUNG_NUOC_HAM,Táo tàu dùng nước hầm,4.40,kg,2.26,Chiết dịch nước hầm,Chiết dịch nước hầm,130,Phần 3 — Rau củ chiết dịch tạo nước hầm (dùng chung),CÔNG THỨC 20 SKU MỚI.txt,f744666c73ee6371
C5/CS/CANGU,FML-C5-G1,G1,14,BROTH_EXTRACT,30,2,ING_CU_CAI_TRANG_THAI_KHUC,Củ cải trắng thái khúc,49.20,kg,25.23,Chiết dịch nước hầm,Chiết dịch nước hầm,140,Phần 3 — Rau củ chiết dịch tạo nước hầm (dùng chung),CÔNG THỨC 20 SKU MỚI.txt,7bd0bde741b6e7a7
C5/CS/CANGU,FML-C5-G1,G1,15,BROTH_EXTRACT,30,3,ING_RONG_BIEN_KOMBU_WAKAME,Rong biển kombu / wakame,7.00,kg,3.59,Chiết dịch nước hầm,Chiết dịch nước hầm,150,Phần 3 — Rau củ chiết dịch tạo nước hầm (dùng chung),CÔNG THỨC 20 SKU MỚI.txt,d5e929f51aa9c71b
C5/CS/CANGU,FML-C5-G1,G1,16,BROTH_EXTRACT,30,4,ING_HANH_TAY_CHE_4,Hành tây chẻ 4,21.30,kg,10.92,Chiết dịch nước hầm,Chiết dịch nước hầm,160,Phần 3 — Rau củ chiết dịch tạo nước hầm (dùng chung),CÔNG THỨC 20 SKU MỚI.txt,54045e0e215c8c14
C5/CS/CANGU,FML-C5-G1,G1,17,BROTH_EXTRACT,30,5,ING_NUOC_DUA_NGUYEN_CHAT,Nước dừa nguyên chất,55.00,lít,28.21,Nền dịch hầm,Nền dịch hầm,170,Phần 3 — Rau củ chiết dịch tạo nước hầm (dùng chung),CÔNG THỨC 20 SKU MỚI.txt,c6b3ce450bec9c27
C5/CS/CANGU,FML-C5-G1,G1,18,SEASONING_FLAVOR,40,1,ING_MUOI_BIEN_RANG,Muối biển rang,12.84,kg,6.58,Nêm vị,Nêm vị,180,Phần 4 — Nguyên liệu nêm & tạo hương vị (dùng chung),CÔNG THỨC 20 SKU MỚI.txt,5de57aab1894bc90
C5/CS/CANGU,FML-C5-G1,G1,19,SEASONING_FLAVOR,40,2,ING_TIEU_DEN_RANG,Tiêu đen rang,1.32,kg,0.68,Tạo hương vị,Tạo hương vị,190,Phần 4 — Nguyên liệu nêm & tạo hương vị (dùng chung),CÔNG THỨC 20 SKU MỚI.txt,601b012e45031d2b
C5/CS/CANGU,FML-C5-G1,G1,20,SEASONING_FLAVOR,40,3,ING_TOI_NUONG,Tỏi nướng,0.72,kg,0.37,Tạo hương vị,Tạo hương vị,200,Phần 4 — Nguyên liệu nêm & tạo hương vị (dùng chung),CÔNG THỨC 20 SKU MỚI.txt,9924ad1f5e09e9f0
C5/CS/CANGU,FML-C5-G1,G1,21,SEASONING_FLAVOR,40,4,ING_HANH_LA_THAI_KHUC,Hành lá thái khúc,2.19,kg,1.12,Tạo hương vị,Tạo hương vị,210,Phần 4 — Nguyên liệu nêm & tạo hương vị (dùng chung),CÔNG THỨC 20 SKU MỚI.txt,fb2f6703b170875d
C5/CS/CANGU,FML-C5-G1,G1,22,SEASONING_FLAVOR,40,5,ING_RE_CAN_TAY_THAI_NHUYEN,Rễ cần tây thái nhuyễn,1.25,kg,0.64,Tạo hương vị,Tạo hương vị,220,Phần 4 — Nguyên liệu nêm & tạo hương vị (dùng chung),CÔNG THỨC 20 SKU MỚI.txt,02a55e9da8ec1698
C5/CS/CANGU,FML-C5-G1,G1,23,SEASONING_FLAVOR,40,6,ING_MI_CHINH,Mì chính,1.90,kg,0.97,Tạo vị umami,Tạo vị umami,230,Phần 4 — Nguyên liệu nêm & tạo hương vị (dùng chung),CÔNG THỨC 20 SKU MỚI.txt,1377215461a92ae1
C6/CS/TOM/RONGBIEN,FML-C6-G1,G1,1,SPECIAL_SKU_COMPONENT,10,1,HRB_SAM_SAVIGIN,Sâm Savigin,9.00,kg,4.62,Thành phần đặc thù SKU,Thành phần đặc thù SKU,10,Phần 1 — Thành phần đặc thù SKU,CÔNG THỨC 20 SKU MỚI.txt,402f66660721ae3e
C6/CS/TOM/RONGBIEN,FML-C6-G1,G1,2,SPECIAL_SKU_COMPONENT,10,2,ING_TOM,Tôm,15.50,kg,7.95,Thành phần đặc thù SKU,Thành phần đặc thù SKU,20,Phần 1 — Thành phần đặc thù SKU,CÔNG THỨC 20 SKU MỚI.txt,cc4bb0deaa4a7d44
C6/CS/TOM/RONGBIEN,FML-C6-G1,G1,3,SPECIAL_SKU_COMPONENT,10,3,ING_RONG_BIEN,Rong biển,15.50,kg,7.95,Thành phần đặc thù SKU,Thành phần đặc thù SKU,30,Phần 1 — Thành phần đặc thù SKU,CÔNG THỨC 20 SKU MỚI.txt,9c408e514fb271d2
C6/CS/TOM/RONGBIEN,FML-C6-G1,G1,4,SPECIAL_SKU_COMPONENT,10,4,ING_HOAI_SON,Hoài sơn,15.50,kg,7.95,Thành phần đặc thù SKU,Thành phần đặc thù SKU,40,Phần 1 — Thành phần đặc thù SKU,CÔNG THỨC 20 SKU MỚI.txt,4955221da509b2bd
C6/CS/TOM/RONGBIEN,FML-C6-G1,G1,5,SPECIAL_SKU_COMPONENT,10,5,ING_KY_TU,Kỷ tử,3.00,kg,1.54,Thành phần đặc thù SKU,Thành phần đặc thù SKU,50,Phần 1 — Thành phần đặc thù SKU,CÔNG THỨC 20 SKU MỚI.txt,79652e96aff7210c
C6/CS/TOM/RONGBIEN,FML-C6-G1,G1,6,SPECIAL_SKU_COMPONENT,10,6,ING_GUNG_NUONG,Gừng nướng,0.80,kg,0.41,Thành phần đặc thù SKU,Thành phần đặc thù SKU,60,Phần 1 — Thành phần đặc thù SKU,CÔNG THỨC 20 SKU MỚI.txt,9103652c792f4a6f
C6/CS/TOM/RONGBIEN,FML-C6-G1,G1,7,NUTRITION_BASE,20,1,ING_GAO,"Gạo (lúa – tôm, rửa sạch)",195.00,kg,100.00,Nền chính,Nền chính,70,Phần 2 — Nguyên liệu nền dinh dưỡng,CÔNG THỨC 20 SKU MỚI.txt,2da11bb35a45291e
C6/CS/TOM/RONGBIEN,FML-C6-G1,G1,8,NUTRITION_BASE,20,2,ING_CA_ROT_THAI_HAT_LUU,Cà rốt thái hạt lựu,35.00,kg,17.95,Nền dinh dưỡng,Nền dinh dưỡng,80,Phần 2 — Nguyên liệu nền dinh dưỡng,CÔNG THỨC 20 SKU MỚI.txt,16ea7904a9ecf770
C6/CS/TOM/RONGBIEN,FML-C6-G1,G1,9,NUTRITION_BASE,20,3,ING_BI_DO_THAI_HAT_LUU,Bí đỏ thái hạt lựu,33.00,kg,16.92,Nền dinh dưỡng,Nền dinh dưỡng,90,Phần 2 — Nguyên liệu nền dinh dưỡng,CÔNG THỨC 20 SKU MỚI.txt,3c9431bb1cc5fc14
C6/CS/TOM/RONGBIEN,FML-C6-G1,G1,10,NUTRITION_BASE,20,4,ING_DAU_XANH_KHONG_VO,Đậu xanh không vỏ,29.50,kg,15.13,Nền dinh dưỡng,Nền dinh dưỡng,100,Phần 2 — Nguyên liệu nền dinh dưỡng,CÔNG THỨC 20 SKU MỚI.txt,41686363147dc660
C6/CS/TOM/RONGBIEN,FML-C6-G1,G1,11,NUTRITION_BASE,20,5,ING_NAM_KIM_CHAM_CAT_KHUC_20_30_MM,Nấm kim châm cắt khúc 20–30 mm,18.50,kg,9.49,Nền dinh dưỡng,Nền dinh dưỡng,110,Phần 2 — Nguyên liệu nền dinh dưỡng,CÔNG THỨC 20 SKU MỚI.txt,6372b674cf8148d0
C6/CS/TOM/RONGBIEN,FML-C6-G1,G1,12,BROTH_EXTRACT,30,1,ING_TAO_TAU,Táo tàu,4.40,kg,2.26,Chiết dịch nước hầm,Chiết dịch nước hầm,120,Phần 3 — Rau củ chiết dịch tạo nước hầm (dùng chung),CÔNG THỨC 20 SKU MỚI.txt,a43377464d5b2fa5
C6/CS/TOM/RONGBIEN,FML-C6-G1,G1,13,BROTH_EXTRACT,30,2,ING_CU_CAI_TRANG_THAI_KHUC,Củ cải trắng thái khúc,49.20,kg,25.23,Chiết dịch nước hầm,Chiết dịch nước hầm,130,Phần 3 — Rau củ chiết dịch tạo nước hầm (dùng chung),CÔNG THỨC 20 SKU MỚI.txt,e40030d0c1c5fec6
C6/CS/TOM/RONGBIEN,FML-C6-G1,G1,14,BROTH_EXTRACT,30,3,ING_RONG_BIEN_KOMBU_WAKAME_DUNG_NUOC_HAM,Rong biển kombu / wakame dùng nước hầm,7.00,kg,3.59,Chiết dịch nước hầm,Chiết dịch nước hầm,140,Phần 3 — Rau củ chiết dịch tạo nước hầm (dùng chung),CÔNG THỨC 20 SKU MỚI.txt,b8ac75728b0e57dd
C6/CS/TOM/RONGBIEN,FML-C6-G1,G1,15,BROTH_EXTRACT,30,4,ING_HANH_TAY_CHE_4,Hành tây chẻ 4,21.30,kg,10.92,Chiết dịch nước hầm,Chiết dịch nước hầm,150,Phần 3 — Rau củ chiết dịch tạo nước hầm (dùng chung),CÔNG THỨC 20 SKU MỚI.txt,925444567e00598d
C6/CS/TOM/RONGBIEN,FML-C6-G1,G1,16,BROTH_EXTRACT,30,5,ING_NUOC_DUA_NGUYEN_CHAT,Nước dừa nguyên chất,55.00,lít,28.21,Nền dịch hầm,Nền dịch hầm,160,Phần 3 — Rau củ chiết dịch tạo nước hầm (dùng chung),CÔNG THỨC 20 SKU MỚI.txt,47c91079e27ceef5
C6/CS/TOM/RONGBIEN,FML-C6-G1,G1,17,SEASONING_FLAVOR,40,1,ING_MUOI_BIEN_RANG,Muối biển rang,12.84,kg,6.58,Nêm vị,Nêm vị,170,Phần 4 — Nguyên liệu nêm & tạo hương vị (dùng chung),CÔNG THỨC 20 SKU MỚI.txt,85a437814c069f0b
C6/CS/TOM/RONGBIEN,FML-C6-G1,G1,18,SEASONING_FLAVOR,40,2,ING_TIEU_DEN_RANG,Tiêu đen rang,1.32,kg,0.68,Tạo hương vị,Tạo hương vị,180,Phần 4 — Nguyên liệu nêm & tạo hương vị (dùng chung),CÔNG THỨC 20 SKU MỚI.txt,693a3c2e6701991a
C6/CS/TOM/RONGBIEN,FML-C6-G1,G1,19,SEASONING_FLAVOR,40,3,ING_TOI_NUONG,Tỏi nướng,0.72,kg,0.37,Tạo hương vị,Tạo hương vị,190,Phần 4 — Nguyên liệu nêm & tạo hương vị (dùng chung),CÔNG THỨC 20 SKU MỚI.txt,02f46725ac50df56
C6/CS/TOM/RONGBIEN,FML-C6-G1,G1,20,SEASONING_FLAVOR,40,4,ING_HANH_LA_THAI_KHUC,Hành lá thái khúc,2.19,kg,1.12,Tạo hương vị,Tạo hương vị,200,Phần 4 — Nguyên liệu nêm & tạo hương vị (dùng chung),CÔNG THỨC 20 SKU MỚI.txt,9c16e9b7cbaf5203
C6/CS/TOM/RONGBIEN,FML-C6-G1,G1,21,SEASONING_FLAVOR,40,5,ING_RE_CAN_TAY_THAI_NHUYEN,Rễ cần tây thái nhuyễn,1.25,kg,0.64,Tạo hương vị,Tạo hương vị,210,Phần 4 — Nguyên liệu nêm & tạo hương vị (dùng chung),CÔNG THỨC 20 SKU MỚI.txt,8474b1961422e890
C6/CS/TOM/RONGBIEN,FML-C6-G1,G1,22,SEASONING_FLAVOR,40,6,ING_MI_CHINH,Mì chính,1.90,kg,0.97,Tạo vị umami,Tạo vị umami,220,Phần 4 — Nguyên liệu nêm & tạo hương vị (dùng chung),CÔNG THỨC 20 SKU MỚI.txt,e0e7b961a0bb0876
C7/CS/THITGA,FML-C7-G1,G1,1,SPECIAL_SKU_COMPONENT,10,1,HRB_SAM_SAVIGIN,Sâm Savigin,9.00,kg,4.62,Thành phần đặc thù SKU,Thành phần đặc thù SKU,10,Phần 1 — Thành phần đặc thù SKU,CÔNG THỨC 20 SKU MỚI.txt,c8e05415a30ae64e
C7/CS/THITGA,FML-C7-G1,G1,2,SPECIAL_SKU_COMPONENT,10,2,ING_THIT_GA,Thịt gà,15.50,kg,7.95,Thành phần đặc thù SKU,Thành phần đặc thù SKU,20,Phần 1 — Thành phần đặc thù SKU,CÔNG THỨC 20 SKU MỚI.txt,6feea61e58ce3e20
C7/CS/THITGA,FML-C7-G1,G1,3,SPECIAL_SKU_COMPONENT,10,3,ING_HOAI_SON,Hoài sơn,15.50,kg,7.95,Thành phần đặc thù SKU,Thành phần đặc thù SKU,30,Phần 1 — Thành phần đặc thù SKU,CÔNG THỨC 20 SKU MỚI.txt,da77418f20c8fe04
C7/CS/THITGA,FML-C7-G1,G1,4,SPECIAL_SKU_COMPONENT,10,4,ING_KY_TU,Kỷ tử,3.00,kg,1.54,Thành phần đặc thù SKU,Thành phần đặc thù SKU,40,Phần 1 — Thành phần đặc thù SKU,CÔNG THỨC 20 SKU MỚI.txt,bbacb80201b15a0a
C7/CS/THITGA,FML-C7-G1,G1,5,SPECIAL_SKU_COMPONENT,10,5,ING_GUNG_NUONG,Gừng nướng,0.80,kg,0.41,Thành phần đặc thù SKU,Thành phần đặc thù SKU,50,Phần 1 — Thành phần đặc thù SKU,CÔNG THỨC 20 SKU MỚI.txt,eff29fe1b7d11bfd
C7/CS/THITGA,FML-C7-G1,G1,6,NUTRITION_BASE,20,1,ING_GAO,"Gạo (lúa – tôm, rửa sạch)",195.00,kg,100.00,Nền chính,Nền chính,60,Phần 2 — Nguyên liệu nền dinh dưỡng,CÔNG THỨC 20 SKU MỚI.txt,8243cee07f8dfac5
C7/CS/THITGA,FML-C7-G1,G1,7,NUTRITION_BASE,20,2,ING_CA_ROT_THAI_HAT_LUU,Cà rốt thái hạt lựu,35.00,kg,17.95,Nền dinh dưỡng,Nền dinh dưỡng,70,Phần 2 — Nguyên liệu nền dinh dưỡng,CÔNG THỨC 20 SKU MỚI.txt,c108c5aac131d548
C7/CS/THITGA,FML-C7-G1,G1,8,NUTRITION_BASE,20,3,ING_BI_DO_THAI_HAT_LUU,Bí đỏ thái hạt lựu,33.00,kg,16.92,Nền dinh dưỡng,Nền dinh dưỡng,80,Phần 2 — Nguyên liệu nền dinh dưỡng,CÔNG THỨC 20 SKU MỚI.txt,69cf321d703f8b93
C7/CS/THITGA,FML-C7-G1,G1,9,NUTRITION_BASE,20,4,ING_DAU_XANH_KHONG_VO,Đậu xanh không vỏ,29.50,kg,15.13,Nền dinh dưỡng,Nền dinh dưỡng,90,Phần 2 — Nguyên liệu nền dinh dưỡng,CÔNG THỨC 20 SKU MỚI.txt,51f1209c9915166c
C7/CS/THITGA,FML-C7-G1,G1,10,NUTRITION_BASE,20,5,ING_NAM_KIM_CHAM_CAT_KHUC_20_30_MM,Nấm kim châm cắt khúc 20–30 mm,18.50,kg,9.49,Nền dinh dưỡng,Nền dinh dưỡng,100,Phần 2 — Nguyên liệu nền dinh dưỡng,CÔNG THỨC 20 SKU MỚI.txt,cd07a1e8e2adef06
C7/CS/THITGA,FML-C7-G1,G1,11,BROTH_EXTRACT,30,1,ING_TAO_TAU,Táo tàu,4.40,kg,2.26,Chiết dịch nước hầm,Chiết dịch nước hầm,110,Phần 3 — Rau củ chiết dịch tạo nước hầm (dùng chung),CÔNG THỨC 20 SKU MỚI.txt,d1675f751266375c
C7/CS/THITGA,FML-C7-G1,G1,12,BROTH_EXTRACT,30,2,ING_CU_CAI_TRANG_THAI_KHUC,Củ cải trắng thái khúc,49.20,kg,25.23,Chiết dịch nước hầm,Chiết dịch nước hầm,120,Phần 3 — Rau củ chiết dịch tạo nước hầm (dùng chung),CÔNG THỨC 20 SKU MỚI.txt,0cf48094165db6fb
C7/CS/THITGA,FML-C7-G1,G1,13,BROTH_EXTRACT,30,3,ING_RONG_BIEN_KOMBU_WAKAME,Rong biển kombu / wakame,7.00,kg,3.59,Chiết dịch nước hầm,Chiết dịch nước hầm,130,Phần 3 — Rau củ chiết dịch tạo nước hầm (dùng chung),CÔNG THỨC 20 SKU MỚI.txt,1685f736e39a78af
C7/CS/THITGA,FML-C7-G1,G1,14,BROTH_EXTRACT,30,4,ING_HANH_TAY_CHE_4,Hành tây chẻ 4,21.30,kg,10.92,Chiết dịch nước hầm,Chiết dịch nước hầm,140,Phần 3 — Rau củ chiết dịch tạo nước hầm (dùng chung),CÔNG THỨC 20 SKU MỚI.txt,2560280b6de98332
C7/CS/THITGA,FML-C7-G1,G1,15,BROTH_EXTRACT,30,5,ING_NUOC_DUA_NGUYEN_CHAT,Nước dừa nguyên chất,55.00,lít,28.21,Nền dịch hầm,Nền dịch hầm,150,Phần 3 — Rau củ chiết dịch tạo nước hầm (dùng chung),CÔNG THỨC 20 SKU MỚI.txt,0338d5d7b007dff9
C7/CS/THITGA,FML-C7-G1,G1,16,SEASONING_FLAVOR,40,1,ING_MUOI_BIEN_RANG,Muối biển rang,12.84,kg,6.58,Nêm vị,Nêm vị,160,Phần 4 — Nguyên liệu nêm & tạo hương vị (dùng chung),CÔNG THỨC 20 SKU MỚI.txt,1d858e631668a440
C7/CS/THITGA,FML-C7-G1,G1,17,SEASONING_FLAVOR,40,2,ING_TIEU_DEN_RANG,Tiêu đen rang,1.32,kg,0.68,Tạo hương vị,Tạo hương vị,170,Phần 4 — Nguyên liệu nêm & tạo hương vị (dùng chung),CÔNG THỨC 20 SKU MỚI.txt,51b729328cc8581e
C7/CS/THITGA,FML-C7-G1,G1,18,SEASONING_FLAVOR,40,3,ING_TOI_NUONG,Tỏi nướng,0.72,kg,0.37,Tạo hương vị,Tạo hương vị,180,Phần 4 — Nguyên liệu nêm & tạo hương vị (dùng chung),CÔNG THỨC 20 SKU MỚI.txt,8b0a55535d82f4d6
C7/CS/THITGA,FML-C7-G1,G1,19,SEASONING_FLAVOR,40,4,ING_HANH_LA_THAI_KHUC,Hành lá thái khúc,2.19,kg,1.12,Tạo hương vị,Tạo hương vị,190,Phần 4 — Nguyên liệu nêm & tạo hương vị (dùng chung),CÔNG THỨC 20 SKU MỚI.txt,2ec2ed89c82f412a
C7/CS/THITGA,FML-C7-G1,G1,20,SEASONING_FLAVOR,40,5,ING_RE_CAN_TAY_THAI_NHUYEN,Rễ cần tây thái nhuyễn,1.25,kg,0.64,Tạo hương vị,Tạo hương vị,200,Phần 4 — Nguyên liệu nêm & tạo hương vị (dùng chung),CÔNG THỨC 20 SKU MỚI.txt,8649865ada6163e7
C7/CS/THITGA,FML-C7-G1,G1,21,SEASONING_FLAVOR,40,6,ING_MI_CHINH,Mì chính,1.90,kg,0.97,Tạo vị umami,Tạo vị umami,210,Phần 4 — Nguyên liệu nêm & tạo hương vị (dùng chung),CÔNG THỨC 20 SKU MỚI.txt,89c0430c8854a183
C8/CS/THITHEO,FML-C8-G1,G1,1,SPECIAL_SKU_COMPONENT,10,1,HRB_SAM_SAVIGIN,Sâm Savigin,9.00,kg,4.62,Thành phần đặc thù SKU,Thành phần đặc thù SKU,10,Phần 1 — Thành phần đặc thù SKU,CÔNG THỨC 20 SKU MỚI.txt,3c4e5068de77d555
C8/CS/THITHEO,FML-C8-G1,G1,2,SPECIAL_SKU_COMPONENT,10,2,ING_THIT_HEO,Thịt heo,15.50,kg,7.95,Thành phần đặc thù SKU,Thành phần đặc thù SKU,20,Phần 1 — Thành phần đặc thù SKU,CÔNG THỨC 20 SKU MỚI.txt,7ac9a450863d0bd6
C8/CS/THITHEO,FML-C8-G1,G1,3,SPECIAL_SKU_COMPONENT,10,3,ING_HOAI_SON,Hoài sơn,15.50,kg,7.95,Thành phần đặc thù SKU,Thành phần đặc thù SKU,30,Phần 1 — Thành phần đặc thù SKU,CÔNG THỨC 20 SKU MỚI.txt,a2e85d4c3577ac27
C8/CS/THITHEO,FML-C8-G1,G1,4,SPECIAL_SKU_COMPONENT,10,4,ING_KY_TU,Kỷ tử,3.00,kg,1.54,Thành phần đặc thù SKU,Thành phần đặc thù SKU,40,Phần 1 — Thành phần đặc thù SKU,CÔNG THỨC 20 SKU MỚI.txt,7f5fa990d0904ec0
C8/CS/THITHEO,FML-C8-G1,G1,5,SPECIAL_SKU_COMPONENT,10,5,ING_GUNG_NUONG,Gừng nướng,0.80,kg,0.41,Thành phần đặc thù SKU,Thành phần đặc thù SKU,50,Phần 1 — Thành phần đặc thù SKU,CÔNG THỨC 20 SKU MỚI.txt,fd9c322773a73e7f
C8/CS/THITHEO,FML-C8-G1,G1,6,NUTRITION_BASE,20,1,ING_GAO,"Gạo (lúa – tôm, rửa sạch)",195.00,kg,100.00,Nền chính,Nền chính,60,Phần 2 — Nguyên liệu nền dinh dưỡng,CÔNG THỨC 20 SKU MỚI.txt,7531f3c3f3381a54
C8/CS/THITHEO,FML-C8-G1,G1,7,NUTRITION_BASE,20,2,ING_CA_ROT_THAI_HAT_LUU,Cà rốt thái hạt lựu,35.00,kg,17.95,Nền dinh dưỡng,Nền dinh dưỡng,70,Phần 2 — Nguyên liệu nền dinh dưỡng,CÔNG THỨC 20 SKU MỚI.txt,e5d6900bcbcfe821
C8/CS/THITHEO,FML-C8-G1,G1,8,NUTRITION_BASE,20,3,ING_BI_DO_THAI_HAT_LUU,Bí đỏ thái hạt lựu,33.00,kg,16.92,Nền dinh dưỡng,Nền dinh dưỡng,80,Phần 2 — Nguyên liệu nền dinh dưỡng,CÔNG THỨC 20 SKU MỚI.txt,eed7560a05682dcd
C8/CS/THITHEO,FML-C8-G1,G1,9,NUTRITION_BASE,20,4,ING_DAU_XANH_KHONG_VO,Đậu xanh không vỏ,29.50,kg,15.13,Nền dinh dưỡng,Nền dinh dưỡng,90,Phần 2 — Nguyên liệu nền dinh dưỡng,CÔNG THỨC 20 SKU MỚI.txt,85ae313bbf26d492
C8/CS/THITHEO,FML-C8-G1,G1,10,NUTRITION_BASE,20,5,ING_NAM_KIM_CHAM_CAT_KHUC_20_30_MM,Nấm kim châm cắt khúc 20–30 mm,18.50,kg,9.49,Nền dinh dưỡng,Nền dinh dưỡng,100,Phần 2 — Nguyên liệu nền dinh dưỡng,CÔNG THỨC 20 SKU MỚI.txt,01866365e6e22193
C8/CS/THITHEO,FML-C8-G1,G1,11,BROTH_EXTRACT,30,1,ING_TAO_TAU,Táo tàu,4.40,kg,2.26,Chiết dịch nước hầm,Chiết dịch nước hầm,110,Phần 3 — Rau củ chiết dịch tạo nước hầm (dùng chung),CÔNG THỨC 20 SKU MỚI.txt,712ebd20335aec6c
C8/CS/THITHEO,FML-C8-G1,G1,12,BROTH_EXTRACT,30,2,ING_CU_CAI_TRANG_THAI_KHUC,Củ cải trắng thái khúc,49.20,kg,25.23,Chiết dịch nước hầm,Chiết dịch nước hầm,120,Phần 3 — Rau củ chiết dịch tạo nước hầm (dùng chung),CÔNG THỨC 20 SKU MỚI.txt,14bb3ee76ea530fc
C8/CS/THITHEO,FML-C8-G1,G1,13,BROTH_EXTRACT,30,3,ING_RONG_BIEN_KOMBU_WAKAME,Rong biển kombu / wakame,7.00,kg,3.59,Chiết dịch nước hầm,Chiết dịch nước hầm,130,Phần 3 — Rau củ chiết dịch tạo nước hầm (dùng chung),CÔNG THỨC 20 SKU MỚI.txt,dd34a30f0d39358a
C8/CS/THITHEO,FML-C8-G1,G1,14,BROTH_EXTRACT,30,4,ING_HANH_TAY_CHE_4,Hành tây chẻ 4,21.30,kg,10.92,Chiết dịch nước hầm,Chiết dịch nước hầm,140,Phần 3 — Rau củ chiết dịch tạo nước hầm (dùng chung),CÔNG THỨC 20 SKU MỚI.txt,6c5fcc1b9fe69c08
C8/CS/THITHEO,FML-C8-G1,G1,15,BROTH_EXTRACT,30,5,ING_NUOC_DUA_NGUYEN_CHAT,Nước dừa nguyên chất,55.00,lít,28.21,Nền dịch hầm,Nền dịch hầm,150,Phần 3 — Rau củ chiết dịch tạo nước hầm (dùng chung),CÔNG THỨC 20 SKU MỚI.txt,6879c712430603a3
C8/CS/THITHEO,FML-C8-G1,G1,16,SEASONING_FLAVOR,40,1,ING_MUOI_BIEN_RANG,Muối biển rang,12.84,kg,6.58,Nêm vị,Nêm vị,160,Phần 4 — Nguyên liệu nêm & tạo hương vị (dùng chung),CÔNG THỨC 20 SKU MỚI.txt,1344a27e1f05de84
C8/CS/THITHEO,FML-C8-G1,G1,17,SEASONING_FLAVOR,40,2,ING_TIEU_DEN_RANG,Tiêu đen rang,1.32,kg,0.68,Tạo hương vị,Tạo hương vị,170,Phần 4 — Nguyên liệu nêm & tạo hương vị (dùng chung),CÔNG THỨC 20 SKU MỚI.txt,08fec07107d0f5cb
C8/CS/THITHEO,FML-C8-G1,G1,18,SEASONING_FLAVOR,40,3,ING_TOI_NUONG,Tỏi nướng,0.72,kg,0.37,Tạo hương vị,Tạo hương vị,180,Phần 4 — Nguyên liệu nêm & tạo hương vị (dùng chung),CÔNG THỨC 20 SKU MỚI.txt,b4d7d0e009751e24
C8/CS/THITHEO,FML-C8-G1,G1,19,SEASONING_FLAVOR,40,4,ING_HANH_LA_THAI_KHUC,Hành lá thái khúc,2.19,kg,1.12,Tạo hương vị,Tạo hương vị,190,Phần 4 — Nguyên liệu nêm & tạo hương vị (dùng chung),CÔNG THỨC 20 SKU MỚI.txt,4e7349a743e16980
C8/CS/THITHEO,FML-C8-G1,G1,20,SEASONING_FLAVOR,40,5,ING_RE_CAN_TAY_THAI_NHUYEN,Rễ cần tây thái nhuyễn,1.25,kg,0.64,Tạo hương vị,Tạo hương vị,200,Phần 4 — Nguyên liệu nêm & tạo hương vị (dùng chung),CÔNG THỨC 20 SKU MỚI.txt,86d12a916d2bcf7b
C8/CS/THITHEO,FML-C8-G1,G1,21,SEASONING_FLAVOR,40,6,ING_MI_CHINH,Mì chính,1.90,kg,0.97,Tạo vị umami,Tạo vị umami,210,Phần 4 — Nguyên liệu nêm & tạo hương vị (dùng chung),CÔNG THỨC 20 SKU MỚI.txt,dd60f5487d6f4e5e
C9/CS/THITBO,FML-C9-G1,G1,1,SPECIAL_SKU_COMPONENT,10,1,HRB_SAM_SAVIGIN,Sâm Savigin,9.00,kg,4.62,Thành phần đặc thù SKU,Thành phần đặc thù SKU,10,Phần 1 — Thành phần đặc thù SKU,CÔNG THỨC 20 SKU MỚI.txt,709c58d12120a1f7
C9/CS/THITBO,FML-C9-G1,G1,2,SPECIAL_SKU_COMPONENT,10,2,ING_THIT_BO,Thịt bò,15.50,kg,7.95,Thành phần đặc thù SKU,Thành phần đặc thù SKU,20,Phần 1 — Thành phần đặc thù SKU,CÔNG THỨC 20 SKU MỚI.txt,b4712fb58959830b
C9/CS/THITBO,FML-C9-G1,G1,3,SPECIAL_SKU_COMPONENT,10,3,ING_HOAI_SON,Hoài sơn,15.50,kg,7.95,Thành phần đặc thù SKU,Thành phần đặc thù SKU,30,Phần 1 — Thành phần đặc thù SKU,CÔNG THỨC 20 SKU MỚI.txt,5c71c69a08d69981
C9/CS/THITBO,FML-C9-G1,G1,4,SPECIAL_SKU_COMPONENT,10,4,ING_KY_TU,Kỷ tử,3.00,kg,1.54,Thành phần đặc thù SKU,Thành phần đặc thù SKU,40,Phần 1 — Thành phần đặc thù SKU,CÔNG THỨC 20 SKU MỚI.txt,56df23c7121a7609
C9/CS/THITBO,FML-C9-G1,G1,5,SPECIAL_SKU_COMPONENT,10,5,ING_GUNG_NUONG,Gừng nướng,0.80,kg,0.41,Thành phần đặc thù SKU,Thành phần đặc thù SKU,50,Phần 1 — Thành phần đặc thù SKU,CÔNG THỨC 20 SKU MỚI.txt,063229a5d216b46a
C9/CS/THITBO,FML-C9-G1,G1,6,NUTRITION_BASE,20,1,ING_GAO,"Gạo (lúa – tôm, rửa sạch)",195.00,kg,100.00,Nền chính,Nền chính,60,Phần 2 — Nguyên liệu nền dinh dưỡng,CÔNG THỨC 20 SKU MỚI.txt,6d52b36fc1292407
C9/CS/THITBO,FML-C9-G1,G1,7,NUTRITION_BASE,20,2,ING_CA_ROT_THAI_HAT_LUU,Cà rốt thái hạt lựu,35.00,kg,17.95,Nền dinh dưỡng,Nền dinh dưỡng,70,Phần 2 — Nguyên liệu nền dinh dưỡng,CÔNG THỨC 20 SKU MỚI.txt,ff14eeeb1dc24b67
C9/CS/THITBO,FML-C9-G1,G1,8,NUTRITION_BASE,20,3,ING_BI_DO_THAI_HAT_LUU,Bí đỏ thái hạt lựu,33.00,kg,16.92,Nền dinh dưỡng,Nền dinh dưỡng,80,Phần 2 — Nguyên liệu nền dinh dưỡng,CÔNG THỨC 20 SKU MỚI.txt,121a8f5e32ae4b70
C9/CS/THITBO,FML-C9-G1,G1,9,NUTRITION_BASE,20,4,ING_DAU_XANH_KHONG_VO,Đậu xanh không vỏ,29.50,kg,15.13,Nền dinh dưỡng,Nền dinh dưỡng,90,Phần 2 — Nguyên liệu nền dinh dưỡng,CÔNG THỨC 20 SKU MỚI.txt,effde5710194306a
C9/CS/THITBO,FML-C9-G1,G1,10,NUTRITION_BASE,20,5,ING_NAM_KIM_CHAM_CAT_KHUC_20_30_MM,Nấm kim châm cắt khúc 20–30 mm,18.50,kg,9.49,Nền dinh dưỡng,Nền dinh dưỡng,100,Phần 2 — Nguyên liệu nền dinh dưỡng,CÔNG THỨC 20 SKU MỚI.txt,117afe6bb19e9ba8
C9/CS/THITBO,FML-C9-G1,G1,11,BROTH_EXTRACT,30,1,ING_TAO_TAU,Táo tàu,4.40,kg,2.26,Chiết dịch nước hầm,Chiết dịch nước hầm,110,Phần 3 — Rau củ chiết dịch tạo nước hầm (dùng chung),CÔNG THỨC 20 SKU MỚI.txt,892e86ea674de534
C9/CS/THITBO,FML-C9-G1,G1,12,BROTH_EXTRACT,30,2,ING_CU_CAI_TRANG_THAI_KHUC,Củ cải trắng thái khúc,49.20,kg,25.23,Chiết dịch nước hầm,Chiết dịch nước hầm,120,Phần 3 — Rau củ chiết dịch tạo nước hầm (dùng chung),CÔNG THỨC 20 SKU MỚI.txt,6f1241a25eb48d0c
C9/CS/THITBO,FML-C9-G1,G1,13,BROTH_EXTRACT,30,3,ING_RONG_BIEN_KOMBU_WAKAME,Rong biển kombu / wakame,7.00,kg,3.59,Chiết dịch nước hầm,Chiết dịch nước hầm,130,Phần 3 — Rau củ chiết dịch tạo nước hầm (dùng chung),CÔNG THỨC 20 SKU MỚI.txt,81784d32ad280ce0
C9/CS/THITBO,FML-C9-G1,G1,14,BROTH_EXTRACT,30,4,ING_HANH_TAY_CHE_4,Hành tây chẻ 4,21.30,kg,10.92,Chiết dịch nước hầm,Chiết dịch nước hầm,140,Phần 3 — Rau củ chiết dịch tạo nước hầm (dùng chung),CÔNG THỨC 20 SKU MỚI.txt,73b86cbfdf910806
C9/CS/THITBO,FML-C9-G1,G1,15,BROTH_EXTRACT,30,5,ING_NUOC_DUA_NGUYEN_CHAT,Nước dừa nguyên chất,55.00,lít,28.21,Nền dịch hầm,Nền dịch hầm,150,Phần 3 — Rau củ chiết dịch tạo nước hầm (dùng chung),CÔNG THỨC 20 SKU MỚI.txt,7aa8047a3e8a7557
C9/CS/THITBO,FML-C9-G1,G1,16,SEASONING_FLAVOR,40,1,ING_MUOI_BIEN_RANG,Muối biển rang,12.84,kg,6.58,Nêm vị,Nêm vị,160,Phần 4 — Nguyên liệu nêm & tạo hương vị (dùng chung),CÔNG THỨC 20 SKU MỚI.txt,1af2df996c6f2cc8
C9/CS/THITBO,FML-C9-G1,G1,17,SEASONING_FLAVOR,40,2,ING_TIEU_DEN_RANG,Tiêu đen rang,1.32,kg,0.68,Tạo hương vị,Tạo hương vị,170,Phần 4 — Nguyên liệu nêm & tạo hương vị (dùng chung),CÔNG THỨC 20 SKU MỚI.txt,a91aa7c2e6a938fd
C9/CS/THITBO,FML-C9-G1,G1,18,SEASONING_FLAVOR,40,3,ING_TOI_NUONG,Tỏi nướng,0.72,kg,0.37,Tạo hương vị,Tạo hương vị,180,Phần 4 — Nguyên liệu nêm & tạo hương vị (dùng chung),CÔNG THỨC 20 SKU MỚI.txt,7f94b761d14464c2
C9/CS/THITBO,FML-C9-G1,G1,19,SEASONING_FLAVOR,40,4,ING_HANH_LA_THAI_KHUC,Hành lá thái khúc,2.19,kg,1.12,Tạo hương vị,Tạo hương vị,190,Phần 4 — Nguyên liệu nêm & tạo hương vị (dùng chung),CÔNG THỨC 20 SKU MỚI.txt,480bc8a8b0167959
C9/CS/THITBO,FML-C9-G1,G1,20,SEASONING_FLAVOR,40,5,ING_RE_CAN_TAY_THAI_NHUYEN,Rễ cần tây thái nhuyễn,1.25,kg,0.64,Tạo hương vị,Tạo hương vị,200,Phần 4 — Nguyên liệu nêm & tạo hương vị (dùng chung),CÔNG THỨC 20 SKU MỚI.txt,7c9d799e23e8db6c
C9/CS/THITBO,FML-C9-G1,G1,21,SEASONING_FLAVOR,40,6,ING_MI_CHINH,Mì chính,1.90,kg,0.97,Tạo vị umami,Tạo vị umami,210,Phần 4 — Nguyên liệu nêm & tạo hương vị (dùng chung),CÔNG THỨC 20 SKU MỚI.txt,e082abfbcd31a21c
